1;P;Selection;UINT;0;;;502;;;99;1;
1;H;ISI_S1_GRU;INT;3;;;502;;;100;15;
1;H;FSI_S1_GRU;INT;3;;;502;;;100;15;
1;H;ISL_S1_GRU;INT;1;;;502;;;100;15;
1;H;FSL_S1_GRU;INT;1;;;502;;;100;15;
1;H;ISI_S2_GRU;INT;3;;;502;;;100;15;
1;H;FSI_S2_GRU;INT;3;;;502;;;100;15;
1;H;ISL_S2_GRU;INT;1;;;502;;;100;15;
1;H;FSL_S2_GRU;INT;1;;;502;;;100;15;
1;H;ISI_S3_GRU;INT;3;;;502;;;100;15;
1;H;FSI_S3_GRU;INT;3;;;502;;;100;15;
1;H;ISL_S3_GRU;INT;1;;;502;;;100;15;
1;H;FSL_S3_GRU;INT;1;;;502;;;100;15;
1;H;ISI_S1_ESC;INT;3;;;502;;;100;15;
1;H;FSI_S1_ESC;INT;3;;;502;;;100;15;
1;H;ISL_S1_ESC;INT;1;;;502;;;100;15;
1;H;FSL_S1_ESC;INT;1;;;502;;;101;15;
1;H;ISI_S2_ESC;INT;3;;;502;;;101;15;
1;H;FSI_S2_ESC;INT;3;;;502;;;101;15;
1;H;ISL_S2_ESC;INT;1;;;502;;;101;15;
1;H;FSL_S2_ESC;INT;1;;;502;;;101;15;
1;H;ISI_S3_ESC;INT;3;;;502;;;101;15;
1;H;FSI_S3_ESC;INT;3;;;502;;;101;15;
1;H;ISL_S3_ESC;INT;1;;;502;;;101;15;
1;H;FSL_S3_ESC;INT;1;;;502;;;101;15;
1;H;ZERO_S1_GRU;INT;2;;;502;;;101;15;
1;H;ZERO_S2_GRU;INT;2;;;502;;;101;15;
1;H;ZERO_S3_GRU;INT;2;;;502;;;101;15;
1;H;ZERO_S1_ESC;INT;2;;;502;;;101;15;
1;H;ZERO_S2_ESC;INT;2;;;502;;;101;15;
1;H;ZERO_S3_ESC;INT;2;;;502;;;101;15;
1;H;manual;UINT;0;;;502;;;102;1;
;;;;;;;502;;;;;
;;;;;;;502;;;;;
;;;;;;;502;;;;;
;;;;;;;502;;;;;
;;;;;;;502;;;;;
;;;;;;;502;;;;;
;;;;;;;502;;;;;
;;;;;;;502;;;;;
;;;;;;;502;;;;;
;;;;;;;502;;;;;
;;;;;;;502;;;;;
;;;;;;;502;;;;;
;;;;;;;502;;;;;
;;;;;;;502;;;;;
;;;;;;;502;;;;;
;;;;;;;502;;;;;
;;;;;;;502;;;;;
;;;;;;;502;;;;;
;;;;;;;502;;;;;
;;;;;;;502;;;;;
;;;;;;;502;;;;;
;;;;;;;502;;;;;
;;;;;;;502;;;;;
;;;;;;;502;;;;;
;;;;;;;502;;;;;
;;;;;;;502;;;;;
;;;;;;;502;;;;;
;;;;;;;502;;;;;
;;;;;;;502;;;;;
;;;;;;;502;;;;;
;;;;;;;502;;;;;
;;;;;;;502;;;;;
;;;;;;;502;;;;;
;;;;;;;502;;;;;
;;;;;;;502;;;;;
;;;;;;;502;;;;;
;;;;;;;502;;;;;
;;;;;;;502;;;;;
;;;;;;;502;;;;;
;;;;;;;502;;;;;
;;;;;;;502;;;;;
;;;;;;;502;;;;;
;;;;;;;502;;;;;
;;;;;;;502;;;;;
;;;;;;;502;;;;;
;;;;;;;502;;;;;
;;;;;;;502;;;;;
;;;;;;;502;;;;;
;;;;;;;502;;;;;
;;;;;;;502;;;;;
;;;;;;;502;;;;;
;;;;;;;502;;;;;
;;;;;;;502;;;;;
;;;;;;;502;;;;;
;;;;;;;502;;;;;
;;;;;;;502;;;;;
;;;;;;;502;;;;;
;;;;;;;502;;;;;
;;;;;;;502;;;;;
;;;;;;;502;;;;;
;;;;;;;502;;;;;
;;;;;;;502;;;;;
;;;;;;;502;;;;;
;;;;;;;502;;;;;
;;;;;;;502;;;;;
;;;;;;;502;;;;;
;;;;;;;502;;;;;
;;;;;;;502;;;;;
;;;;;;;502;;;;;
;;;;;;;502;;;;;
;;;;;;;502;;;;;
;;;;;;;502;;;;;
;;;;;;;502;;;;;
;;;;;;;502;;;;;
;;;;;;;502;;;;;
;;;;;;;502;;;;;
;;;;;;;502;;;;;
;;;;;;;502;;;;;
;;;;;;;502;;;;;
;;;;;;;502;;;;;
;;;;;;;502;;;;;
;;;;;;;502;;;;;
;;;;;;;502;;;;;
;;;;;;;502;;;;;
;;;;;;;502;;;;;
;;;;;;;502;;;;;
;;;;;;;502;;;;;
;;;;;;;502;;;;;
;;;;;;;502;;;;;
;;;;;;;502;;;;;
;;;;;;;502;;;;;
;;;;;;;502;;;;;
;;;;;;;502;;;;;
;;;;;;;502;;;;;
;;;;;;;502;;;;;
;;;;;;;502;;;;;
;;;;;;;502;;;;;
;;;;;;;502;;;;;
;;;;;;;502;;;;;
;;;;;;;502;;;;;
;;;;;;;502;;;;;
;;;;;;;502;;;;;
;;;;;;;502;;;;;
;;;;;;;502;;;;;
;;;;;;;502;;;;;
;;;;;;;502;;;;;
;;;;;;;502;;;;;
;;;;;;;502;;;;;
;;;;;;;502;;;;;
;;;;;;;502;;;;;
;;;;;;;502;;;;;
;;;;;;;502;;;;;
;;;;;;;502;;;;;
;;;;;;;502;;;;;
;;;;;;;502;;;;;
;;;;;;;502;;;;;
;;;;;;;502;;;;;
;;;;;;;502;;;;;
;;;;;;;502;;;;;
;;;;;;;502;;;;;
;;;;;;;502;;;;;
;;;;;;;502;;;;;
;;;;;;;502;;;;;
;;;;;;;502;;;;;
;;;;;;;502;;;;;
;;;;;;;502;;;;;
;;;;;;;502;;;;;
;;;;;;;502;;;;;
;;;;;;;502;;;;;
;;;;;;;502;;;;;
;;;;;;;502;;;;;
;;;;;;;502;;;;;
;;;;;;;502;;;;;
;;;;;;;502;;;;;
;;;;;;;502;;;;;
;;;;;;;502;;;;;
;;;;;;;502;;;;;
;;;;;;;502;;;;;
;;;;;;;502;;;;;
;;;;;;;502;;;;;
;;;;;;;502;;;;;
;;;;;;;502;;;;;
;;;;;;;502;;;;;
;;;;;;;502;;;;;
;;;;;;;502;;;;;
;;;;;;;502;;;;;
;;;;;;;502;;;;;
;;;;;;;502;;;;;
;;;;;;;502;;;;;
;;;;;;;502;;;;;
;;;;;;;502;;;;;
;;;;;;;502;;;;;
;;;;;;;502;;;;;
;;;;;;;502;;;;;
;;;;;;;502;;;;;
;;;;;;;502;;;;;
;;;;;;;502;;;;;
;;;;;;;502;;;;;
;;;;;;;502;;;;;
;;;;;;;502;;;;;
;;;;;;;502;;;;;
;;;;;;;502;;;;;
;;;;;;;502;;;;;
;;;;;;;502;;;;;
;;;;;;;502;;;;;
;;;;;;;502;;;;;
;;;;;;;502;;;;;
;;;;;;;502;;;;;
;;;;;;;502;;;;;
;;;;;;;502;;;;;
;;;;;;;502;;;;;
;;;;;;;502;;;;;
;;;;;;;502;;;;;
;;;;;;;502;;;;;
;;;;;;;502;;;;;
;;;;;;;502;;;;;
;;;;;;;502;;;;;
;;;;;;;502;;;;;
;;;;;;;502;;;;;
;;;;;;;502;;;;;
;;;;;;;502;;;;;
;;;;;;;502;;;;;
;;;;;;;502;;;;;
;;;;;;;502;;;;;
;;;;;;;502;;;;;
;;;;;;;502;;;;;
;;;;;;;502;;;;;
;;;;;;;502;;;;;
;;;;;;;502;;;;;
;;;;;;;502;;;;;
;;;;;;;502;;;;;
;;;;;;;502;;;;;
;;;;;;;502;;;;;
;;;;;;;502;;;;;
;;;;;;;502;;;;;
;;;;;;;502;;;;;
;;;;;;;502;;;;;
;;;;;;;502;;;;;
;;;;;;;502;;;;;
;;;;;;;502;;;;;
;;;;;;;502;;;;;
;;;;;;;502;;;;;
;;;;;;;502;;;;;
;;;;;;;502;;;;;
;;;;;;;502;;;;;
;;;;;;;502;;;;;
;;;;;;;502;;;;;
;;;;;;;502;;;;;
;;;;;;;502;;;;;
;;;;;;;502;;;;;
;;;;;;;502;;;;;
;;;;;;;502;;;;;
;;;;;;;502;;;;;
;;;;;;;502;;;;;
;;;;;;;502;;;;;
;;;;;;;502;;;;;
;;;;;;;502;;;;;
;;;;;;;502;;;;;
;;;;;;;502;;;;;
;;;;;;;502;;;;;
;;;;;;;502;;;;;
;;;;;;;502;;;;;
;;;;;;;502;;;;;
;;;;;;;502;;;;;
;;;;;;;502;;;;;
;;;;;;;502;;;;;
;;;;;;;502;;;;;
;;;;;;;502;;;;;
;;;;;;;502;;;;;
;;;;;;;502;;;;;
;;;;;;;502;;;;;
;;;;;;;502;;;;;
;;;;;;;502;;;;;
;;;;;;;502;;;;;
;;;;;;;502;;;;;
;;;;;;;502;;;;;
;;;;;;;502;;;;;
;;;;;;;502;;;;;
;;;;;;;502;;;;;
;;;;;;;502;;;;;
;;;;;;;502;;;;;
;;;;;;;502;;;;;
;;;;;;;502;;;;;
;;;;;;;502;;;;;
;;;;;;;502;;;;;
;;;;;;;502;;;;;
;;;;;;;502;;;;;
;;;;;;;502;;;;;
;;;;;;;502;;;;;
;;;;;;;502;;;;;
;;;;;;;502;;;;;
;;;;;;;502;;;;;
;;;;;;;502;;;;;
;;;;;;;502;;;;;
;;;;;;;502;;;;;
;;;;;;;502;;;;;
;;;;;;;502;;;;;
;;;;;;;502;;;;;
;;;;;;;502;;;;;
;;;;;;;502;;;;;
;;;;;;;502;;;;;
;;;;;;;502;;;;;
;;;;;;;502;;;;;
;;;;;;;502;;;;;
;;;;;;;502;;;;;
;;;;;;;502;;;;;
;;;;;;;502;;;;;
;;;;;;;502;;;;;
;;;;;;;502;;;;;
;;;;;;;502;;;;;
;;;;;;;502;;;;;
;;;;;;;502;;;;;
;;;;;;;502;;;;;
;;;;;;;502;;;;;
;;;;;;;502;;;;;
;;;;;;;502;;;;;
;;;;;;;502;;;;;
;;;;;;;502;;;;;
;;;;;;;502;;;;;
;;;;;;;502;;;;;
;;;;;;;502;;;;;
;;;;;;;502;;;;;
;;;;;;;502;;;;;
;;;;;;;502;;;;;
;;;;;;;502;;;;;
;;;;;;;502;;;;;
;;;;;;;502;;;;;
;;;;;;;502;;;;;
;;;;;;;502;;;;;
;;;;;;;502;;;;;
;;;;;;;502;;;;;
;;;;;;;502;;;;;
;;;;;;;502;;;;;
;;;;;;;502;;;;;
;;;;;;;502;;;;;
;;;;;;;502;;;;;
;;;;;;;502;;;;;
;;;;;;;502;;;;;
;;;;;;;502;;;;;
;;;;;;;502;;;;;
;;;;;;;502;;;;;
;;;;;;;502;;;;;
;;;;;;;502;;;;;
;;;;;;;502;;;;;
;;;;;;;502;;;;;
;;;;;;;502;;;;;
;;;;;;;502;;;;;
;;;;;;;502;;;;;
;;;;;;;502;;;;;
;;;;;;;502;;;;;
;;;;;;;502;;;;;
;;;;;;;502;;;;;
;;;;;;;502;;;;;
;;;;;;;502;;;;;
;;;;;;;502;;;;;
;;;;;;;502;;;;;
;;;;;;;502;;;;;
;;;;;;;502;;;;;
;;;;;;;502;;;;;
;;;;;;;502;;;;;
;;;;;;;502;;;;;
;;;;;;;502;;;;;
;;;;;;;502;;;;;
;;;;;;;502;;;;;
;;;;;;;502;;;;;
;;;;;;;502;;;;;
;;;;;;;502;;;;;
;;;;;;;502;;;;;
;;;;;;;502;;;;;
;;;;;;;502;;;;;
;;;;;;;502;;;;;
;;;;;;;502;;;;;
;;;;;;;502;;;;;
;;;;;;;502;;;;;
;;;;;;;502;;;;;
;;;;;;;502;;;;;
;;;;;;;502;;;;;
;;;;;;;502;;;;;
;;;;;;;502;;;;;
;;;;;;;502;;;;;
;;;;;;;502;;;;;
;;;;;;;502;;;;;
;;;;;;;502;;;;;
;;;;;;;502;;;;;
;;;;;;;502;;;;;
;;;;;;;502;;;;;
;;;;;;;502;;;;;
;;;;;;;502;;;;;
;;;;;;;502;;;;;
;;;;;;;502;;;;;
;;;;;;;502;;;;;
;;;;;;;502;;;;;
;;;;;;;502;;;;;
;;;;;;;502;;;;;
;;;;;;;502;;;;;
;;;;;;;502;;;;;
;;;;;;;502;;;;;
;;;;;;;502;;;;;
;;;;;;;502;;;;;
;;;;;;;502;;;;;
;;;;;;;502;;;;;
;;;;;;;502;;;;;
;;;;;;;502;;;;;
;;;;;;;502;;;;;
;;;;;;;502;;;;;
;;;;;;;502;;;;;
;;;;;;;502;;;;;
;;;;;;;502;;;;;
;;;;;;;502;;;;;
;;;;;;;502;;;;;
;;;;;;;502;;;;;
;;;;;;;502;;;;;
;;;;;;;502;;;;;
;;;;;;;502;;;;;
;;;;;;;502;;;;;
;;;;;;;502;;;;;
;;;;;;;502;;;;;
;;;;;;;502;;;;;
;;;;;;;502;;;;;
;;;;;;;502;;;;;
;;;;;;;502;;;;;
;;;;;;;502;;;;;
;;;;;;;502;;;;;
;;;;;;;502;;;;;
;;;;;;;502;;;;;
;;;;;;;502;;;;;
;;;;;;;502;;;;;
;;;;;;;502;;;;;
;;;;;;;502;;;;;
;;;;;;;502;;;;;
;;;;;;;502;;;;;
;;;;;;;502;;;;;
;;;;;;;502;;;;;
;;;;;;;502;;;;;
;;;;;;;502;;;;;
;;;;;;;502;;;;;
;;;;;;;502;;;;;
;;;;;;;502;;;;;
;;;;;;;502;;;;;
;;;;;;;502;;;;;
;;;;;;;502;;;;;
;;;;;;;502;;;;;
;;;;;;;502;;;;;
;;;;;;;502;;;;;
;;;;;;;502;;;;;
;;;;;;;502;;;;;
;;;;;;;502;;;;;
;;;;;;;502;;;;;
;;;;;;;502;;;;;
;;;;;;;502;;;;;
;;;;;;;502;;;;;
;;;;;;;502;;;;;
;;;;;;;502;;;;;
;;;;;;;502;;;;;
;;;;;;;502;;;;;
;;;;;;;502;;;;;
;;;;;;;502;;;;;
;;;;;;;502;;;;;
;;;;;;;502;;;;;
;;;;;;;502;;;;;
;;;;;;;502;;;;;
;;;;;;;502;;;;;
;;;;;;;502;;;;;
;;;;;;;502;;;;;
;;;;;;;502;;;;;
;;;;;;;502;;;;;
;;;;;;;502;;;;;
;;;;;;;502;;;;;
;;;;;;;502;;;;;
;;;;;;;502;;;;;
;;;;;;;502;;;;;
;;;;;;;502;;;;;
;;;;;;;502;;;;;
;;;;;;;502;;;;;
;;;;;;;502;;;;;
;;;;;;;502;;;;;
;;;;;;;502;;;;;
;;;;;;;502;;;;;
;;;;;;;502;;;;;
;;;;;;;502;;;;;
;;;;;;;502;;;;;
;;;;;;;502;;;;;
;;;;;;;502;;;;;
;;;;;;;502;;;;;
;;;;;;;502;;;;;
;;;;;;;502;;;;;
;;;;;;;502;;;;;
;;;;;;;502;;;;;
;;;;;;;502;;;;;
;;;;;;;502;;;;;
;;;;;;;502;;;;;
;;;;;;;502;;;;;
;;;;;;;502;;;;;
;;;;;;;502;;;;;
;;;;;;;502;;;;;
;;;;;;;502;;;;;
;;;;;;;502;;;;;
;;;;;;;502;;;;;
;;;;;;;502;;;;;
;;;;;;;502;;;;;
;;;;;;;502;;;;;
;;;;;;;502;;;;;
;;;;;;;502;;;;;
;;;;;;;502;;;;;
;;;;;;;502;;;;;
;;;;;;;502;;;;;
;;;;;;;502;;;;;
;;;;;;;502;;;;;
;;;;;;;502;;;;;
;;;;;;;502;;;;;
;;;;;;;502;;;;;
;;;;;;;502;;;;;
;;;;;;;502;;;;;
;;;;;;;502;;;;;
;;;;;;;502;;;;;
;;;;;;;502;;;;;
;;;;;;;502;;;;;
;;;;;;;502;;;;;
;;;;;;;502;;;;;
;;;;;;;502;;;;;
;;;;;;;502;;;;;
;;;;;;;502;;;;;
;;;;;;;502;;;;;
;;;;;;;502;;;;;
;;;;;;;502;;;;;
;;;;;;;502;;;;;
;;;;;;;502;;;;;
;;;;;;;502;;;;;
;;;;;;;502;;;;;
;;;;;;;502;;;;;
;;;;;;;502;;;;;
;;;;;;;502;;;;;
;;;;;;;502;;;;;
;;;;;;;502;;;;;
;;;;;;;502;;;;;
;;;;;;;502;;;;;
;;;;;;;502;;;;;
;;;;;;;502;;;;;
;;;;;;;502;;;;;
;;;;;;;502;;;;;
;;;;;;;502;;;;;
;;;;;;;502;;;;;
;;;;;;;502;;;;;
;;;;;;;502;;;;;
;;;;;;;502;;;;;
;;;;;;;502;;;;;
;;;;;;;502;;;;;
;;;;;;;502;;;;;
;;;;;;;502;;;;;
;;;;;;;502;;;;;
;;;;;;;502;;;;;
;;;;;;;502;;;;;
;;;;;;;502;;;;;
;;;;;;;502;;;;;
;;;;;;;502;;;;;
;;;;;;;502;;;;;
;;;;;;;502;;;;;
;;;;;;;502;;;;;
;;;;;;;502;;;;;
;;;;;;;502;;;;;
;;;;;;;502;;;;;
;;;;;;;502;;;;;
;;;;;;;502;;;;;
;;;;;;;502;;;;;
;;;;;;;502;;;;;
;;;;;;;502;;;;;
;;;;;;;502;;;;;
;;;;;;;502;;;;;
;;;;;;;502;;;;;
;;;;;;;502;;;;;
;;;;;;;502;;;;;
;;;;;;;502;;;;;
;;;;;;;502;;;;;
;;;;;;;502;;;;;
;;;;;;;502;;;;;
;;;;;;;502;;;;;
;;;;;;;502;;;;;
;;;;;;;502;;;;;
;;;;;;;502;;;;;
;;;;;;;502;;;;;
;;;;;;;502;;;;;
;;;;;;;502;;;;;
;;;;;;;502;;;;;
;;;;;;;502;;;;;
;;;;;;;502;;;;;
;;;;;;;502;;;;;
;;;;;;;502;;;;;
;;;;;;;502;;;;;
;;;;;;;502;;;;;
;;;;;;;502;;;;;
;;;;;;;502;;;;;
;;;;;;;502;;;;;
;;;;;;;502;;;;;
;;;;;;;502;;;;;
;;;;;;;502;;;;;
;;;;;;;502;;;;;
;;;;;;;502;;;;;
;;;;;;;502;;;;;
;;;;;;;502;;;;;
;;;;;;;502;;;;;
;;;;;;;502;;;;;
;;;;;;;502;;;;;
;;;;;;;502;;;;;
;;;;;;;502;;;;;
;;;;;;;502;;;;;
;;;;;;;502;;;;;
;;;;;;;502;;;;;
;;;;;;;502;;;;;
;;;;;;;502;;;;;
;;;;;;;502;;;;;
;;;;;;;502;;;;;
;;;;;;;502;;;;;
;;;;;;;502;;;;;
;;;;;;;502;;;;;
;;;;;;;502;;;;;
;;;;;;;502;;;;;
;;;;;;;502;;;;;
;;;;;;;502;;;;;
;;;;;;;502;;;;;
;;;;;;;502;;;;;
;;;;;;;502;;;;;
;;;;;;;502;;;;;
;;;;;;;502;;;;;
;;;;;;;502;;;;;
;;;;;;;502;;;;;
;;;;;;;502;;;;;
;;;;;;;502;;;;;
;;;;;;;502;;;;;
;;;;;;;502;;;;;
;;;;;;;502;;;;;
;;;;;;;502;;;;;
;;;;;;;502;;;;;
;;;;;;;502;;;;;
;;;;;;;502;;;;;
;;;;;;;502;;;;;
;;;;;;;502;;;;;
;;;;;;;502;;;;;
;;;;;;;502;;;;;
;;;;;;;502;;;;;
;;;;;;;502;;;;;
;;;;;;;502;;;;;
;;;;;;;502;;;;;
;;;;;;;502;;;;;
;;;;;;;502;;;;;
;;;;;;;502;;;;;
;;;;;;;502;;;;;
;;;;;;;502;;;;;
;;;;;;;502;;;;;
;;;;;;;502;;;;;
;;;;;;;502;;;;;
;;;;;;;502;;;;;
;;;;;;;502;;;;;
;;;;;;;502;;;;;
;;;;;;;502;;;;;
;;;;;;;502;;;;;
;;;;;;;502;;;;;
;;;;;;;502;;;;;
;;;;;;;502;;;;;
;;;;;;;502;;;;;
;;;;;;;502;;;;;
;;;;;;;502;;;;;
;;;;;;;502;;;;;
;;;;;;;502;;;;;
;;;;;;;502;;;;;
;;;;;;;502;;;;;
;;;;;;;502;;;;;
;;;;;;;502;;;;;
;;;;;;;502;;;;;
;;;;;;;502;;;;;
;;;;;;;502;;;;;
;;;;;;;502;;;;;
;;;;;;;502;;;;;
;;;;;;;502;;;;;
;;;;;;;502;;;;;
;;;;;;;502;;;;;
;;;;;;;502;;;;;
;;;;;;;502;;;;;
;;;;;;;502;;;;;
;;;;;;;502;;;;;
;;;;;;;502;;;;;
;;;;;;;502;;;;;
;;;;;;;502;;;;;
;;;;;;;502;;;;;
;;;;;;;502;;;;;
;;;;;;;502;;;;;
;;;;;;;502;;;;;
;;;;;;;502;;;;;
;;;;;;;502;;;;;
;;;;;;;502;;;;;
;;;;;;;502;;;;;
;;;;;;;502;;;;;
;;;;;;;502;;;;;
;;;;;;;502;;;;;
;;;;;;;502;;;;;
;;;;;;;502;;;;;
;;;;;;;502;;;;;
;;;;;;;502;;;;;
;;;;;;;502;;;;;
;;;;;;;502;;;;;
;;;;;;;502;;;;;
;;;;;;;502;;;;;
;;;;;;;502;;;;;
;;;;;;;502;;;;;
;;;;;;;502;;;;;
;;;;;;;502;;;;;
;;;;;;;502;;;;;
;;;;;;;502;;;;;
;;;;;;;502;;;;;
;;;;;;;502;;;;;
;;;;;;;502;;;;;
;;;;;;;502;;;;;
;;;;;;;502;;;;;
;;;;;;;502;;;;;
;;;;;;;502;;;;;
;;;;;;;502;;;;;
;;;;;;;502;;;;;
;;;;;;;502;;;;;
;;;;;;;502;;;;;
;;;;;;;502;;;;;
;;;;;;;502;;;;;
;;;;;;;502;;;;;
;;;;;;;502;;;;;
;;;;;;;502;;;;;
;;;;;;;502;;;;;
;;;;;;;502;;;;;
;;;;;;;502;;;;;
;;;;;;;502;;;;;
;;;;;;;502;;;;;
;;;;;;;502;;;;;
;;;;;;;502;;;;;
;;;;;;;502;;;;;
;;;;;;;502;;;;;
;;;;;;;502;;;;;
;;;;;;;502;;;;;
;;;;;;;502;;;;;
;;;;;;;502;;;;;
;;;;;;;502;;;;;
;;;;;;;502;;;;;
;;;;;;;502;;;;;
;;;;;;;502;;;;;
;;;;;;;502;;;;;
;;;;;;;502;;;;;
;;;;;;;502;;;;;
;;;;;;;502;;;;;
;;;;;;;502;;;;;
;;;;;;;502;;;;;
;;;;;;;502;;;;;
;;;;;;;502;;;;;
;;;;;;;502;;;;;
;;;;;;;502;;;;;
;;;;;;;502;;;;;
;;;;;;;502;;;;;
;;;;;;;502;;;;;
;;;;;;;502;;;;;
;;;;;;;502;;;;;
;;;;;;;502;;;;;
;;;;;;;502;;;;;
;;;;;;;502;;;;;
;;;;;;;502;;;;;
;;;;;;;502;;;;;
;;;;;;;502;;;;;
;;;;;;;502;;;;;
;;;;;;;502;;;;;
;;;;;;;502;;;;;
;;;;;;;502;;;;;
;;;;;;;502;;;;;
;;;;;;;502;;;;;
;;;;;;;502;;;;;
;;;;;;;502;;;;;
;;;;;;;502;;;;;
;;;;;;;502;;;;;
;;;;;;;502;;;;;
;;;;;;;502;;;;;
;;;;;;;502;;;;;
;;;;;;;502;;;;;
;;;;;;;502;;;;;
;;;;;;;502;;;;;
;;;;;;;502;;;;;
;;;;;;;502;;;;;
;;;;;;;502;;;;;
;;;;;;;502;;;;;
;;;;;;;502;;;;;
;;;;;;;502;;;;;
;;;;;;;502;;;;;
;;;;;;;502;;;;;
;;;;;;;502;;;;;
;;;;;;;502;;;;;
;;;;;;;502;;;;;
;;;;;;;502;;;;;
;;;;;;;502;;;;;
;;;;;;;502;;;;;
;;;;;;;502;;;;;
;;;;;;;502;;;;;
;;;;;;;502;;;;;
;;;;;;;502;;;;;
;;;;;;;502;;;;;
;;;;;;;502;;;;;
;;;;;;;502;;;;;
;;;;;;;502;;;;;
;;;;;;;502;;;;;
;;;;;;;502;;;;;
;;;;;;;502;;;;;
;;;;;;;502;;;;;
;;;;;;;502;;;;;
;;;;;;;502;;;;;
;;;;;;;502;;;;;
;;;;;;;502;;;;;
;;;;;;;502;;;;;
;;;;;;;502;;;;;
;;;;;;;502;;;;;
;;;;;;;502;;;;;
;;;;;;;502;;;;;
;;;;;;;502;;;;;
;;;;;;;502;;;;;
;;;;;;;502;;;;;
;;;;;;;502;;;;;
;;;;;;;502;;;;;
;;;;;;;502;;;;;
;;;;;;;502;;;;;
;;;;;;;502;;;;;
;;;;;;;502;;;;;
;;;;;;;502;;;;;
;;;;;;;502;;;;;
;;;;;;;502;;;;;
;;;;;;;502;;;;;
;;;;;;;502;;;;;
;;;;;;;502;;;;;
;;;;;;;502;;;;;
;;;;;;;502;;;;;
;;;;;;;502;;;;;
;;;;;;;502;;;;;
;;;;;;;502;;;;;
;;;;;;;502;;;;;
;;;;;;;502;;;;;
;;;;;;;502;;;;;
;;;;;;;502;;;;;
;;;;;;;502;;;;;
;;;;;;;502;;;;;
;;;;;;;502;;;;;
;;;;;;;502;;;;;
;;;;;;;502;;;;;
;;;;;;;502;;;;;
;;;;;;;502;;;;;
;;;;;;;502;;;;;
;;;;;;;502;;;;;
;;;;;;;502;;;;;
;;;;;;;502;;;;;
;;;;;;;502;;;;;
;;;;;;;502;;;;;
;;;;;;;502;;;;;
;;;;;;;502;;;;;
;;;;;;;502;;;;;
;;;;;;;502;;;;;
;;;;;;;502;;;;;
;;;;;;;502;;;;;
;;;;;;;502;;;;;
;;;;;;;502;;;;;
;;;;;;;502;;;;;
;;;;;;;502;;;;;
;;;;;;;502;;;;;
;;;;;;;502;;;;;
;;;;;;;502;;;;;
;;;;;;;502;;;;;
;;;;;;;502;;;;;
;;;;;;;502;;;;;
;;;;;;;502;;;;;
;;;;;;;502;;;;;
;;;;;;;502;;;;;
;;;;;;;502;;;;;
;;;;;;;502;;;;;
;;;;;;;502;;;;;
;;;;;;;502;;;;;
;;;;;;;502;;;;;
;;;;;;;502;;;;;
;;;;;;;502;;;;;
;;;;;;;502;;;;;
;;;;;;;502;;;;;
;;;;;;;502;;;;;
;;;;;;;502;;;;;
;;;;;;;502;;;;;
;;;;;;;502;;;;;
;;;;;;;502;;;;;
;;;;;;;502;;;;;
;;;;;;;502;;;;;
;;;;;;;502;;;;;
;;;;;;;502;;;;;
;;;;;;;502;;;;;
;;;;;;;502;;;;;
;;;;;;;502;;;;;
;;;;;;;502;;;;;
;;;;;;;502;;;;;
;;;;;;;502;;;;;
;;;;;;;502;;;;;
;;;;;;;502;;;;;
;;;;;;;502;;;;;
;;;;;;;502;;;;;
;;;;;;;502;;;;;
;;;;;;;502;;;;;
;;;;;;;502;;;;;
;;;;;;;502;;;;;
;;;;;;;502;;;;;
;;;;;;;502;;;;;
;;;;;;;502;;;;;
;;;;;;;502;;;;;
;;;;;;;502;;;;;
;;;;;;;502;;;;;
;;;;;;;502;;;;;
;;;;;;;502;;;;;
;;;;;;;502;;;;;
;;;;;;;502;;;;;
;;;;;;;502;;;;;
;;;;;;;502;;;;;
;;;;;;;502;;;;;
;;;;;;;502;;;;;
;;;;;;;502;;;;;
;;;;;;;502;;;;;
;;;;;;;502;;;;;
;;;;;;;502;;;;;
;;;;;;;502;;;;;
;;;;;;;502;;;;;
;;;;;;;502;;;;;
;;;;;;;502;;;;;
;;;;;;;502;;;;;
;;;;;;;502;;;;;
;;;;;;;502;;;;;
;;;;;;;502;;;;;
;;;;;;;502;;;;;
;;;;;;;502;;;;;
;;;;;;;502;;;;;
;;;;;;;502;;;;;
;;;;;;;502;;;;;
;;;;;;;502;;;;;
;;;;;;;502;;;;;
;;;;;;;502;;;;;
;;;;;;;502;;;;;
;;;;;;;502;;;;;
;;;;;;;502;;;;;
;;;;;;;502;;;;;
;;;;;;;502;;;;;
;;;;;;;502;;;;;
;;;;;;;502;;;;;
;;;;;;;502;;;;;
;;;;;;;502;;;;;
;;;;;;;502;;;;;
;;;;;;;502;;;;;
;;;;;;;502;;;;;
;;;;;;;502;;;;;
;;;;;;;502;;;;;
;;;;;;;502;;;;;
;;;;;;;502;;;;;
;;;;;;;502;;;;;
;;;;;;;502;;;;;
;;;;;;;502;;;;;
;;;;;;;502;;;;;
;;;;;;;502;;;;;
;;;;;;;502;;;;;
;;;;;;;502;;;;;
;;;;;;;502;;;;;
;;;;;;;502;;;;;
;;;;;;;502;;;;;
;;;;;;;502;;;;;
;;;;;;;502;;;;;
;;;;;;;502;;;;;
;;;;;;;502;;;;;
;;;;;;;502;;;;;
;;;;;;;502;;;;;
;;;;;;;502;;;;;
;;;;;;;502;;;;;
;;;;;;;502;;;;;
;;;;;;;502;;;;;
;;;;;;;502;;;;;
;;;;;;;502;;;;;
;;;;;;;502;;;;;
;;;;;;;502;;;;;
;;;;;;;502;;;;;
;;;;;;;502;;;;;
;;;;;;;502;;;;;
;;;;;;;502;;;;;
;;;;;;;502;;;;;
;;;;;;;502;;;;;
;;;;;;;502;;;;;
;;;;;;;502;;;;;
;;;;;;;502;;;;;
;;;;;;;502;;;;;
;;;;;;;502;;;;;
;;;;;;;502;;;;;
;;;;;;;502;;;;;
;;;;;;;502;;;;;
;;;;;;;502;;;;;
;;;;;;;502;;;;;
;;;;;;;502;;;;;
;;;;;;;502;;;;;
;;;;;;;502;;;;;
;;;;;;;502;;;;;
;;;;;;;502;;;;;
;;;;;;;502;;;;;
;;;;;;;502;;;;;
;;;;;;;502;;;;;
;;;;;;;502;;;;;
;;;;;;;502;;;;;
;;;;;;;502;;;;;
;;;;;;;502;;;;;
;;;;;;;502;;;;;
;;;;;;;502;;;;;
;;;;;;;502;;;;;
;;;;;;;502;;;;;
;;;;;;;502;;;;;
;;;;;;;502;;;;;
;;;;;;;502;;;;;
;;;;;;;502;;;;;
;;;;;;;502;;;;;
;;;;;;;502;;;;;
;;;;;;;502;;;;;
;;;;;;;502;;;;;
;;;;;;;502;;;;;
;;;;;;;502;;;;;
;;;;;;;502;;;;;
;;;;;;;502;;;;;
;;;;;;;502;;;;;
;;;;;;;502;;;;;
;;;;;;;502;;;;;
;;;;;;;502;;;;;
;;;;;;;502;;;;;
;;;;;;;502;;;;;
;;;;;;;502;;;;;
;;;;;;;502;;;;;
;;;;;;;502;;;;;
;;;;;;;502;;;;;
;;;;;;;502;;;;;
;;;;;;;502;;;;;
;;;;;;;502;;;;;
;;;;;;;502;;;;;
;;;;;;;502;;;;;
;;;;;;;502;;;;;
;;;;;;;502;;;;;
;;;;;;;502;;;;;
;;;;;;;502;;;;;
;;;;;;;502;;;;;
;;;;;;;502;;;;;
;;;;;;;502;;;;;
;;;;;;;502;;;;;
;;;;;;;502;;;;;
;;;;;;;502;;;;;
;;;;;;;502;;;;;
;;;;;;;502;;;;;
;;;;;;;502;;;;;
;;;;;;;502;;;;;
;;;;;;;502;;;;;
;;;;;;;502;;;;;
;;;;;;;502;;;;;
;;;;;;;502;;;;;
;;;;;;;502;;;;;
;;;;;;;502;;;;;
;;;;;;;502;;;;;
;;;;;;;502;;;;;
;;;;;;;502;;;;;
;;;;;;;502;;;;;
;;;;;;;502;;;;;
;;;;;;;502;;;;;
;;;;;;;502;;;;;
;;;;;;;502;;;;;
;;;;;;;502;;;;;
;;;;;;;502;;;;;
;;;;;;;502;;;;;
;;;;;;;502;;;;;
;;;;;;;502;;;;;
;;;;;;;502;;;;;
;;;;;;;502;;;;;
;;;;;;;502;;;;;
;;;;;;;502;;;;;
;;;;;;;502;;;;;
;;;;;;;502;;;;;
;;;;;;;502;;;;;
;;;;;;;502;;;;;
;;;;;;;502;;;;;
;;;;;;;502;;;;;
;;;;;;;502;;;;;
;;;;;;;502;;;;;
;;;;;;;502;;;;;
;;;;;;;502;;;;;
;;;;;;;502;;;;;
;;;;;;;502;;;;;
;;;;;;;502;;;;;
;;;;;;;502;;;;;
;;;;;;;502;;;;;
;;;;;;;502;;;;;
;;;;;;;502;;;;;
;;;;;;;502;;;;;
;;;;;;;502;;;;;
;;;;;;;502;;;;;
;;;;;;;502;;;;;
;;;;;;;502;;;;;
;;;;;;;502;;;;;
;;;;;;;502;;;;;
;;;;;;;502;;;;;
;;;;;;;502;;;;;
;;;;;;;502;;;;;
;;;;;;;502;;;;;
;;;;;;;502;;;;;
;;;;;;;502;;;;;
;;;;;;;502;;;;;
;;;;;;;502;;;;;
;;;;;;;502;;;;;
;;;;;;;502;;;;;
;;;;;;;502;;;;;
;;;;;;;502;;;;;
;;;;;;;502;;;;;
;;;;;;;502;;;;;
;;;;;;;502;;;;;
;;;;;;;502;;;;;
;;;;;;;502;;;;;
;;;;;;;502;;;;;
;;;;;;;502;;;;;
;;;;;;;502;;;;;
;;;;;;;502;;;;;
;;;;;;;502;;;;;
;;;;;;;502;;;;;
;;;;;;;502;;;;;
;;;;;;;502;;;;;
;;;;;;;502;;;;;
;;;;;;;502;;;;;
;;;;;;;502;;;;;
;;;;;;;502;;;;;
;;;;;;;502;;;;;
;;;;;;;502;;;;;
;;;;;;;502;;;;;
;;;;;;;502;;;;;
;;;;;;;502;;;;;
;;;;;;;502;;;;;
;;;;;;;502;;;;;
;;;;;;;502;;;;;
;;;;;;;502;;;;;
;;;;;;;502;;;;;
;;;;;;;502;;;;;
;;;;;;;502;;;;;
;;;;;;;502;;;;;
;;;;;;;502;;;;;
;;;;;;;502;;;;;
;;;;;;;502;;;;;
;;;;;;;502;;;;;
;;;;;;;502;;;;;
;;;;;;;502;;;;;
;;;;;;;502;;;;;
;;;;;;;502;;;;;
;;;;;;;502;;;;;
;;;;;;;502;;;;;
;;;;;;;502;;;;;
;;;;;;;502;;;;;
;;;;;;;502;;;;;
;;;;;;;502;;;;;
;;;;;;;502;;;;;
;;;;;;;502;;;;;
;;;;;;;502;;;;;
;;;;;;;502;;;;;
;;;;;;;502;;;;;
;;;;;;;502;;;;;
;;;;;;;502;;;;;
;;;;;;;502;;;;;
;;;;;;;502;;;;;
;;;;;;;502;;;;;
;;;;;;;502;;;;;
;;;;;;;502;;;;;
;;;;;;;502;;;;;
;;;;;;;502;;;;;
;;;;;;;502;;;;;
;;;;;;;502;;;;;
;;;;;;;502;;;;;
;;;;;;;502;;;;;
;;;;;;;502;;;;;
;;;;;;;502;;;;;
;;;;;;;502;;;;;
;;;;;;;502;;;;;
;;;;;;;502;;;;;
;;;;;;;502;;;;;
;;;;;;;502;;;;;
;;;;;;;502;;;;;
;;;;;;;502;;;;;
;;;;;;;502;;;;;
;;;;;;;502;;;;;
;;;;;;;502;;;;;
;;;;;;;502;;;;;
;;;;;;;502;;;;;
;;;;;;;502;;;;;
;;;;;;;502;;;;;
;;;;;;;502;;;;;
;;;;;;;502;;;;;
;;;;;;;502;;;;;
;;;;;;;502;;;;;
;;;;;;;502;;;;;
;;;;;;;502;;;;;
;;;;;;;502;;;;;
;;;;;;;502;;;;;
;;;;;;;502;;;;;
;;;;;;;502;;;;;
;;;;;;;502;;;;;
;;;;;;;502;;;;;
;;;;;;;502;;;;;
;;;;;;;502;;;;;
;;;;;;;502;;;;;
;;;;;;;502;;;;;
;;;;;;;502;;;;;
;;;;;;;502;;;;;
;;;;;;;502;;;;;
;;;;;;;502;;;;;
;;;;;;;502;;;;;
;;;;;;;502;;;;;
;;;;;;;502;;;;;
;;;;;;;502;;;;;
;;;;;;;502;;;;;
;;;;;;;502;;;;;
;;;;;;;502;;;;;
;;;;;;;502;;;;;
;;;;;;;502;;;;;
;;;;;;;502;;;;;
;;;;;;;502;;;;;
;;;;;;;502;;;;;
;;;;;;;502;;;;;
;;;;;;;502;;;;;
;;;;;;;502;;;;;
;;;;;;;502;;;;;
;;;;;;;502;;;;;
;;;;;;;502;;;;;
;;;;;;;502;;;;;
;;;;;;;502;;;;;
;;;;;;;502;;;;;
;;;;;;;502;;;;;
;;;;;;;502;;;;;
;;;;;;;502;;;;;
;;;;;;;502;;;;;
;;;;;;;502;;;;;
;;;;;;;502;;;;;
;;;;;;;502;;;;;
;;;;;;;502;;;;;
;;;;;;;502;;;;;
;;;;;;;502;;;;;
;;;;;;;502;;;;;
;;;;;;;502;;;;;
;;;;;;;502;;;;;
;;;;;;;502;;;;;
;;;;;;;502;;;;;
;;;;;;;502;;;;;
;;;;;;;502;;;;;
;;;;;;;502;;;;;
;;;;;;;502;;;;;
;;;;;;;502;;;;;
;;;;;;;502;;;;;
;;;;;;;502;;;;;
;;;;;;;502;;;;;
;;;;;;;502;;;;;
;;;;;;;502;;;;;
;;;;;;;502;;;;;
;;;;;;;502;;;;;
;;;;;;;502;;;;;
;;;;;;;502;;;;;
;;;;;;;502;;;;;
;;;;;;;502;;;;;
;;;;;;;502;;;;;
;;;;;;;502;;;;;
;;;;;;;502;;;;;
;;;;;;;502;;;;;
;;;;;;;502;;;;;
;;;;;;;502;;;;;
;;;;;;;502;;;;;
;;;;;;;502;;;;;
;;;;;;;502;;;;;
;;;;;;;502;;;;;
;;;;;;;502;;;;;
;;;;;;;502;;;;;
;;;;;;;502;;;;;
;;;;;;;502;;;;;
;;;;;;;502;;;;;
;;;;;;;502;;;;;
;;;;;;;502;;;;;
;;;;;;;502;;;;;
;;;;;;;502;;;;;
;;;;;;;502;;;;;
;;;;;;;502;;;;;
;;;;;;;502;;;;;
;;;;;;;502;;;;;
;;;;;;;502;;;;;
;;;;;;;502;;;;;
;;;;;;;502;;;;;
;;;;;;;502;;;;;
;;;;;;;502;;;;;
;;;;;;;502;;;;;
;;;;;;;502;;;;;
;;;;;;;502;;;;;
;;;;;;;502;;;;;
;;;;;;;502;;;;;
;;;;;;;502;;;;;
;;;;;;;502;;;;;
;;;;;;;502;;;;;
;;;;;;;502;;;;;
;;;;;;;502;;;;;
;;;;;;;502;;;;;
;;;;;;;502;;;;;
;;;;;;;502;;;;;
;;;;;;;502;;;;;
;;;;;;;502;;;;;
;;;;;;;502;;;;;
;;;;;;;502;;;;;
;;;;;;;502;;;;;
;;;;;;;502;;;;;
;;;;;;;502;;;;;
;;;;;;;502;;;;;
;;;;;;;502;;;;;
;;;;;;;502;;;;;
;;;;;;;502;;;;;
;;;;;;;502;;;;;
;;;;;;;502;;;;;
;;;;;;;502;;;;;
;;;;;;;502;;;;;
;;;;;;;502;;;;;
;;;;;;;502;;;;;
;;;;;;;502;;;;;
;;;;;;;502;;;;;
;;;;;;;502;;;;;
;;;;;;;502;;;;;
;;;;;;;502;;;;;
;;;;;;;502;;;;;
;;;;;;;502;;;;;
;;;;;;;502;;;;;
;;;;;;;502;;;;;
;;;;;;;502;;;;;
;;;;;;;502;;;;;
;;;;;;;502;;;;;
;;;;;;;502;;;;;
;;;;;;;502;;;;;
;;;;;;;502;;;;;
;;;;;;;502;;;;;
;;;;;;;502;;;;;
;;;;;;;502;;;;;
;;;;;;;502;;;;;
;;;;;;;502;;;;;
;;;;;;;502;;;;;
;;;;;;;502;;;;;
;;;;;;;502;;;;;
;;;;;;;502;;;;;
;;;;;;;502;;;;;
;;;;;;;502;;;;;
;;;;;;;502;;;;;
;;;;;;;502;;;;;
;;;;;;;502;;;;;
;;;;;;;502;;;;;
;;;;;;;502;;;;;
;;;;;;;502;;;;;
;;;;;;;502;;;;;
;;;;;;;502;;;;;
;;;;;;;502;;;;;
;;;;;;;502;;;;;
;;;;;;;502;;;;;
;;;;;;;502;;;;;
0;H;DigitalOutput_1;BIT;0;;;502;;;1;4;s
0;H;DigitalOutput_2;BIT;0;;;502;;;1;4;
0;H;DigitalInput_3;BIT;0;;;502;;;1;4;
0;H;DigitalInput_4;BIT;0;;;502;;;1;4;
0;H;TimeValue;FABCD;2;;;502;;;2;3;
0;H;TimeMin;FABCD;2;;;502;;;2;3;
0;H;TimeMax;FABCD;2;;;502;;;2;3;
0;H;AnalogInput_1;INT;3;;;502;;;3;2;
0;H;AnalogInput_2;INT;1;;;502;;;3;2;
1;P;Mesaure_gru1;INT;1;;;502;;;4;12;
1;P;Mesaure_gru2;INT;1;;;502;;;4;12;
1;P;Mesaure_gru3;INT;1;;;502;;;4;12;
1;P;Mesaure_exc1;INT;1;;;502;;;4;12;
1;P;Mesaure_exc2;INT;1;;;502;;;4;12;
1;P;Mesaure_exc3;INT;1;;;502;;;4;12;
1;P;Tasto1;INT;0;;;502;;;4;12;
1;P;Tasto2;INT;0;;;502;;;4;12;
1;P;Tasto3;INT;0;;;502;;;4;12;
1;P;Tasto4;INT;0;;;502;;;4;12;
1;P;Tasto5;INT;0;;;502;;;4;12;
1;P;Tasto6;INT;0;;;502;;;4;12;
1;H;step1C;INT;0;;;502;;;5;20;
1;H;step2C;INT;0;;;502;;;5;20;
1;H;step3C;INT;0;;;502;;;5;20;
1;H;step4C;INT;0;;;502;;;5;20;
1;H;step5C;INT;0;;;502;;;5;20;
1;H;step6C;INT;0;;;502;;;5;20;
1;H;step7C;INT;0;;;502;;;5;20;
1;H;step8C;INT;0;;;502;;;5;20;
1;H;step9C;INT;0;;;502;;;5;20;
1;H;step10C;INT;0;;;502;;;5;20;
1;H;step1M;INT;0;;;502;;;5;20;
1;H;step2M;INT;0;;;502;;;5;20;
1;H;step3M;INT;0;;;502;;;5;20;
1;H;step4M;INT;0;;;502;;;5;20;
1;H;step5M;INT;0;;;502;;;5;20;
1;H;step6M;INT;0;;;502;;;5;20;
1;H;step7M;INT;0;;;502;;;5;20;
1;H;step8M;INT;0;;;502;;;5;20;
1;H;step9M;INT;0;;;502;;;5;20;
1;H;step10M;INT;0;;;502;;;5;20;
1;H;SetZ_gru1;INT;0;;;502;;;6;6;
1;H;SetZ_gru2;INT;0;;;502;;;6;6;
1;H;SetZ_gru3;INT;0;;;502;;;6;6;
1;H;SetZ_esc1;INT;0;;;502;;;6;6;
1;H;SetZ_esc2;INT;0;;;502;;;6;6;
1;H;SetZ_esc3;INT;0;;;502;;;6;6;
;;;;;;;502;;;;;
;;;;;;;502;;;;;
;;;;;;;502;;;;;
;;;;;;;502;;;;;
;;;;;;;502;;;;;
;;;;;;;502;;;;;
;;;;;;;502;;;;;
;;;;;;;502;;;;;
;;;;;;;502;;;;;
;;;;;;;502;;;;;
;;;;;;;502;;;;;
;;;;;;;502;;;;;
;;;;;;;502;;;;;
;;;;;;;502;;;;;
;;;;;;;502;;;;;
;;;;;;;502;;;;;
;;;;;;;502;;;;;
;;;;;;;502;;;;;
;;;;;;;502;;;;;
;;;;;;;502;;;;;
;;;;;;;502;;;;;
;;;;;;;502;;;;;
;;;;;;;502;;;;;
;;;;;;;502;;;;;
;;;;;;;502;;;;;
;;;;;;;502;;;;;
;;;;;;;502;;;;;
;;;;;;;502;;;;;
;;;;;;;502;;;;;
;;;;;;;502;;;;;
;;;;;;;502;;;;;
;;;;;;;502;;;;;
;;;;;;;502;;;;;
;;;;;;;502;;;;;
;;;;;;;502;;;;;
;;;;;;;502;;;;;
;;;;;;;502;;;;;
;;;;;;;502;;;;;
;;;;;;;502;;;;;
;;;;;;;502;;;;;
;;;;;;;502;;;;;
;;;;;;;502;;;;;
;;;;;;;502;;;;;
;;;;;;;502;;;;;
;;;;;;;502;;;;;
;;;;;;;502;;;;;
;;;;;;;502;;;;;
;;;;;;;502;;;;;
;;;;;;;502;;;;;
;;;;;;;502;;;;;
;;;;;;;502;;;;;
;;;;;;;502;;;;;
;;;;;;;502;;;;;
;;;;;;;502;;;;;
;;;;;;;502;;;;;
;;;;;;;502;;;;;
;;;;;;;502;;;;;
;;;;;;;502;;;;;
;;;;;;;502;;;;;
;;;;;;;502;;;;;
;;;;;;;502;;;;;
;;;;;;;502;;;;;
;;;;;;;502;;;;;
;;;;;;;502;;;;;
;;;;;;;502;;;;;
;;;;;;;502;;;;;
;;;;;;;502;;;;;
;;;;;;;502;;;;;
;;;;;;;502;;;;;
;;;;;;;502;;;;;
;;;;;;;502;;;;;
;;;;;;;502;;;;;
;;;;;;;502;;;;;
;;;;;;;502;;;;;
;;;;;;;502;;;;;
;;;;;;;502;;;;;
;;;;;;;502;;;;;
;;;;;;;502;;;;;
;;;;;;;502;;;;;
;;;;;;;502;;;;;
;;;;;;;502;;;;;
;;;;;;;502;;;;;
;;;;;;;502;;;;;
;;;;;;;502;;;;;
;;;;;;;502;;;;;
;;;;;;;502;;;;;
;;;;;;;502;;;;;
;;;;;;;502;;;;;
;;;;;;;502;;;;;
;;;;;;;502;;;;;
;;;;;;;502;;;;;
;;;;;;;502;;;;;
;;;;;;;502;;;;;
;;;;;;;502;;;;;
;;;;;;;502;;;;;
;;;;;;;502;;;;;
;;;;;;;502;;;;;
;;;;;;;502;;;;;
;;;;;;;502;;;;;
;;;;;;;502;;;;;
;;;;;;;502;;;;;
;;;;;;;502;;;;;
;;;;;;;502;;;;;
;;;;;;;502;;;;;
;;;;;;;502;;;;;
;;;;;;;502;;;;;
;;;;;;;502;;;;;
;;;;;;;502;;;;;
;;;;;;;502;;;;;
;;;;;;;502;;;;;
;;;;;;;502;;;;;
;;;;;;;502;;;;;
;;;;;;;502;;;;;
;;;;;;;502;;;;;
;;;;;;;502;;;;;
;;;;;;;502;;;;;
;;;;;;;502;;;;;
;;;;;;;502;;;;;
;;;;;;;502;;;;;
;;;;;;;502;;;;;
;;;;;;;502;;;;;
;;;;;;;502;;;;;
;;;;;;;502;;;;;
;;;;;;;502;;;;;
;;;;;;;502;;;;;
;;;;;;;502;;;;;
;;;;;;;502;;;;;
;;;;;;;502;;;;;
;;;;;;;502;;;;;
;;;;;;;502;;;;;
;;;;;;;502;;;;;
;;;;;;;502;;;;;
;;;;;;;502;;;;;
;;;;;;;502;;;;;
;;;;;;;502;;;;;
;;;;;;;502;;;;;
;;;;;;;502;;;;;
;;;;;;;502;;;;;
;;;;;;;502;;;;;
;;;;;;;502;;;;;
;;;;;;;502;;;;;
;;;;;;;502;;;;;
;;;;;;;502;;;;;
;;;;;;;502;;;;;
;;;;;;;502;;;;;
;;;;;;;502;;;;;
;;;;;;;502;;;;;
;;;;;;;502;;;;;
;;;;;;;502;;;;;
;;;;;;;502;;;;;
;;;;;;;502;;;;;
;;;;;;;502;;;;;
;;;;;;;502;;;;;
;;;;;;;502;;;;;
;;;;;;;502;;;;;
;;;;;;;502;;;;;
;;;;;;;502;;;;;
;;;;;;;502;;;;;
;;;;;;;502;;;;;
;;;;;;;502;;;;;
;;;;;;;502;;;;;
;;;;;;;502;;;;;
;;;;;;;502;;;;;
;;;;;;;502;;;;;
;;;;;;;502;;;;;
;;;;;;;502;;;;;
;;;;;;;502;;;;;
;;;;;;;502;;;;;
;;;;;;;502;;;;;
;;;;;;;502;;;;;
;;;;;;;502;;;;;
;;;;;;;502;;;;;
;;;;;;;502;;;;;
;;;;;;;502;;;;;
;;;;;;;502;;;;;
;;;;;;;502;;;;;
;;;;;;;502;;;;;
;;;;;;;502;;;;;
;;;;;;;502;;;;;
;;;;;;;502;;;;;
;;;;;;;502;;;;;
;;;;;;;502;;;;;
;;;;;;;502;;;;;
;;;;;;;502;;;;;
;;;;;;;502;;;;;
;;;;;;;502;;;;;
;;;;;;;502;;;;;
;;;;;;;502;;;;;
;;;;;;;502;;;;;
;;;;;;;502;;;;;
;;;;;;;502;;;;;
;;;;;;;502;;;;;
;;;;;;;502;;;;;
;;;;;;;502;;;;;
;;;;;;;502;;;;;
;;;;;;;502;;;;;
;;;;;;;502;;;;;
;;;;;;;502;;;;;
;;;;;;;502;;;;;
;;;;;;;502;;;;;
;;;;;;;502;;;;;
;;;;;;;502;;;;;
;;;;;;;502;;;;;
;;;;;;;502;;;;;
;;;;;;;502;;;;;
;;;;;;;502;;;;;
;;;;;;;502;;;;;
;;;;;;;502;;;;;
;;;;;;;502;;;;;
;;;;;;;502;;;;;
;;;;;;;502;;;;;
;;;;;;;502;;;;;
;;;;;;;502;;;;;
;;;;;;;502;;;;;
;;;;;;;502;;;;;
;;;;;;;502;;;;;
;;;;;;;502;;;;;
;;;;;;;502;;;;;
;;;;;;;502;;;;;
;;;;;;;502;;;;;
;;;;;;;502;;;;;
;;;;;;;502;;;;;
;;;;;;;502;;;;;
;;;;;;;502;;;;;
;;;;;;;502;;;;;
;;;;;;;502;;;;;
;;;;;;;502;;;;;
;;;;;;;502;;;;;
;;;;;;;502;;;;;
;;;;;;;502;;;;;
;;;;;;;502;;;;;
;;;;;;;502;;;;;
;;;;;;;502;;;;;
;;;;;;;502;;;;;
;;;;;;;502;;;;;
;;;;;;;502;;;;;
;;;;;;;502;;;;;
;;;;;;;502;;;;;
;;;;;;;502;;;;;
;;;;;;;502;;;;;
;;;;;;;502;;;;;
;;;;;;;502;;;;;
;;;;;;;502;;;;;
;;;;;;;502;;;;;
;;;;;;;502;;;;;
;;;;;;;502;;;;;
;;;;;;;502;;;;;
;;;;;;;502;;;;;
;;;;;;;502;;;;;
;;;;;;;502;;;;;
;;;;;;;502;;;;;
;;;;;;;502;;;;;
;;;;;;;502;;;;;
;;;;;;;502;;;;;
;;;;;;;502;;;;;
;;;;;;;502;;;;;
;;;;;;;502;;;;;
;;;;;;;502;;;;;
;;;;;;;502;;;;;
;;;;;;;502;;;;;
;;;;;;;502;;;;;
;;;;;;;502;;;;;
;;;;;;;502;;;;;
;;;;;;;502;;;;;
;;;;;;;502;;;;;
;;;;;;;502;;;;;
;;;;;;;502;;;;;
;;;;;;;502;;;;;
;;;;;;;502;;;;;
;;;;;;;502;;;;;
;;;;;;;502;;;;;
;;;;;;;502;;;;;
;;;;;;;502;;;;;
;;;;;;;502;;;;;
;;;;;;;502;;;;;
;;;;;;;502;;;;;
;;;;;;;502;;;;;
;;;;;;;502;;;;;
;;;;;;;502;;;;;
;;;;;;;502;;;;;
;;;;;;;502;;;;;
;;;;;;;502;;;;;
;;;;;;;502;;;;;
;;;;;;;502;;;;;
;;;;;;;502;;;;;
;;;;;;;502;;;;;
;;;;;;;502;;;;;
;;;;;;;502;;;;;
;;;;;;;502;;;;;
;;;;;;;502;;;;;
;;;;;;;502;;;;;
;;;;;;;502;;;;;
;;;;;;;502;;;;;
;;;;;;;502;;;;;
;;;;;;;502;;;;;
;;;;;;;502;;;;;
;;;;;;;502;;;;;
;;;;;;;502;;;;;
;;;;;;;502;;;;;
;;;;;;;502;;;;;
;;;;;;;502;;;;;
;;;;;;;502;;;;;
;;;;;;;502;;;;;
;;;;;;;502;;;;;
;;;;;;;502;;;;;
;;;;;;;502;;;;;
;;;;;;;502;;;;;
;;;;;;;502;;;;;
;;;;;;;502;;;;;
;;;;;;;502;;;;;
;;;;;;;502;;;;;
;;;;;;;502;;;;;
;;;;;;;502;;;;;
;;;;;;;502;;;;;
;;;;;;;502;;;;;
;;;;;;;502;;;;;
;;;;;;;502;;;;;
;;;;;;;502;;;;;
;;;;;;;502;;;;;
;;;;;;;502;;;;;
;;;;;;;502;;;;;
;;;;;;;502;;;;;
;;;;;;;502;;;;;
;;;;;;;502;;;;;
;;;;;;;502;;;;;
;;;;;;;502;;;;;
;;;;;;;502;;;;;
;;;;;;;502;;;;;
;;;;;;;502;;;;;
;;;;;;;502;;;;;
;;;;;;;502;;;;;
;;;;;;;502;;;;;
;;;;;;;502;;;;;
;;;;;;;502;;;;;
;;;;;;;502;;;;;
;;;;;;;502;;;;;
;;;;;;;502;;;;;
;;;;;;;502;;;;;
;;;;;;;502;;;;;
;;;;;;;502;;;;;
;;;;;;;502;;;;;
;;;;;;;502;;;;;
;;;;;;;502;;;;;
;;;;;;;502;;;;;
;;;;;;;502;;;;;
;;;;;;;502;;;;;
;;;;;;;502;;;;;
;;;;;;;502;;;;;
;;;;;;;502;;;;;
;;;;;;;502;;;;;
;;;;;;;502;;;;;
;;;;;;;502;;;;;
;;;;;;;502;;;;;
;;;;;;;502;;;;;
;;;;;;;502;;;;;
;;;;;;;502;;;;;
;;;;;;;502;;;;;
;;;;;;;502;;;;;
;;;;;;;502;;;;;
;;;;;;;502;;;;;
;;;;;;;502;;;;;
;;;;;;;502;;;;;
;;;;;;;502;;;;;
;;;;;;;502;;;;;
;;;;;;;502;;;;;
;;;;;;;502;;;;;
;;;;;;;502;;;;;
;;;;;;;502;;;;;
;;;;;;;502;;;;;
;;;;;;;502;;;;;
;;;;;;;502;;;;;
;;;;;;;502;;;;;
;;;;;;;502;;;;;
;;;;;;;502;;;;;
;;;;;;;502;;;;;
;;;;;;;502;;;;;
;;;;;;;502;;;;;
;;;;;;;502;;;;;
;;;;;;;502;;;;;
;;;;;;;502;;;;;
;;;;;;;502;;;;;
;;;;;;;502;;;;;
;;;;;;;502;;;;;
;;;;;;;502;;;;;
;;;;;;;502;;;;;
;;;;;;;502;;;;;
;;;;;;;502;;;;;
;;;;;;;502;;;;;
;;;;;;;502;;;;;
;;;;;;;502;;;;;
;;;;;;;502;;;;;
;;;;;;;502;;;;;
;;;;;;;502;;;;;
;;;;;;;502;;;;;
;;;;;;;502;;;;;
;;;;;;;502;;;;;
;;;;;;;502;;;;;
;;;;;;;502;;;;;
;;;;;;;502;;;;;
;;;;;;;502;;;;;
;;;;;;;502;;;;;
;;;;;;;502;;;;;
;;;;;;;502;;;;;
;;;;;;;502;;;;;
;;;;;;;502;;;;;
;;;;;;;502;;;;;
;;;;;;;502;;;;;
;;;;;;;502;;;;;
;;;;;;;502;;;;;
;;;;;;;502;;;;;
;;;;;;;502;;;;;
;;;;;;;502;;;;;
;;;;;;;502;;;;;
;;;;;;;502;;;;;
;;;;;;;502;;;;;
;;;;;;;502;;;;;
;;;;;;;502;;;;;
;;;;;;;502;;;;;
;;;;;;;502;;;;;
;;;;;;;502;;;;;
;;;;;;;502;;;;;
;;;;;;;502;;;;;
;;;;;;;502;;;;;
;;;;;;;502;;;;;
;;;;;;;502;;;;;
;;;;;;;502;;;;;
;;;;;;;502;;;;;
;;;;;;;502;;;;;
;;;;;;;502;;;;;
;;;;;;;502;;;;;
;;;;;;;502;;;;;
;;;;;;;502;;;;;
;;;;;;;502;;;;;
;;;;;;;502;;;;;
;;;;;;;502;;;;;
;;;;;;;502;;;;;
;;;;;;;502;;;;;
;;;;;;;502;;;;;
;;;;;;;502;;;;;
;;;;;;;502;;;;;
;;;;;;;502;;;;;
;;;;;;;502;;;;;
;;;;;;;502;;;;;
;;;;;;;502;;;;;
;;;;;;;502;;;;;
;;;;;;;502;;;;;
;;;;;;;502;;;;;
;;;;;;;502;;;;;
;;;;;;;502;;;;;
;;;;;;;502;;;;;
;;;;;;;502;;;;;
;;;;;;;502;;;;;
;;;;;;;502;;;;;
;;;;;;;502;;;;;
;;;;;;;502;;;;;
;;;;;;;502;;;;;
;;;;;;;502;;;;;
;;;;;;;502;;;;;
;;;;;;;502;;;;;
;;;;;;;502;;;;;
;;;;;;;502;;;;;
;;;;;;;502;;;;;
;;;;;;;502;;;;;
;;;;;;;502;;;;;
;;;;;;;502;;;;;
;;;;;;;502;;;;;
;;;;;;;502;;;;;
;;;;;;;502;;;;;
;;;;;;;502;;;;;
;;;;;;;502;;;;;
;;;;;;;502;;;;;
;;;;;;;502;;;;;
;;;;;;;502;;;;;
;;;;;;;502;;;;;
;;;;;;;502;;;;;
;;;;;;;502;;;;;
;;;;;;;502;;;;;
;;;;;;;502;;;;;
;;;;;;;502;;;;;
;;;;;;;502;;;;;
;;;;;;;502;;;;;
;;;;;;;502;;;;;
;;;;;;;502;;;;;
;;;;;;;502;;;;;
;;;;;;;502;;;;;
;;;;;;;502;;;;;
;;;;;;;502;;;;;
;;;;;;;502;;;;;
;;;;;;;502;;;;;
;;;;;;;502;;;;;
;;;;;;;502;;;;;
;;;;;;;502;;;;;
;;;;;;;502;;;;;
;;;;;;;502;;;;;
;;;;;;;502;;;;;
;;;;;;;502;;;;;
;;;;;;;502;;;;;
;;;;;;;502;;;;;
;;;;;;;502;;;;;
;;;;;;;502;;;;;
;;;;;;;502;;;;;
;;;;;;;502;;;;;
;;;;;;;502;;;;;
;;;;;;;502;;;;;
;;;;;;;502;;;;;
;;;;;;;502;;;;;
;;;;;;;502;;;;;
;;;;;;;502;;;;;
;;;;;;;502;;;;;
;;;;;;;502;;;;;
;;;;;;;502;;;;;
;;;;;;;502;;;;;
;;;;;;;502;;;;;
;;;;;;;502;;;;;
;;;;;;;502;;;;;
;;;;;;;502;;;;;
;;;;;;;502;;;;;
;;;;;;;502;;;;;
;;;;;;;502;;;;;
;;;;;;;502;;;;;
;;;;;;;502;;;;;
;;;;;;;502;;;;;
;;;;;;;502;;;;;
;;;;;;;502;;;;;
;;;;;;;502;;;;;
;;;;;;;502;;;;;
;;;;;;;502;;;;;
;;;;;;;502;;;;;
;;;;;;;502;;;;;
;;;;;;;502;;;;;
;;;;;;;502;;;;;
;;;;;;;502;;;;;
;;;;;;;502;;;;;
;;;;;;;502;;;;;
;;;;;;;502;;;;;
;;;;;;;502;;;;;
;;;;;;;502;;;;;
;;;;;;;502;;;;;
;;;;;;;502;;;;;
;;;;;;;502;;;;;
;;;;;;;502;;;;;
;;;;;;;502;;;;;
;;;;;;;502;;;;;
;;;;;;;502;;;;;
;;;;;;;502;;;;;
;;;;;;;502;;;;;
;;;;;;;502;;;;;
;;;;;;;502;;;;;
;;;;;;;502;;;;;
;;;;;;;502;;;;;
;;;;;;;502;;;;;
;;;;;;;502;;;;;
;;;;;;;502;;;;;
;;;;;;;502;;;;;
;;;;;;;502;;;;;
;;;;;;;502;;;;;
;;;;;;;502;;;;;
;;;;;;;502;;;;;
;;;;;;;502;;;;;
;;;;;;;502;;;;;
;;;;;;;502;;;;;
;;;;;;;502;;;;;
;;;;;;;502;;;;;
;;;;;;;502;;;;;
;;;;;;;502;;;;;
;;;;;;;502;;;;;
;;;;;;;502;;;;;
;;;;;;;502;;;;;
;;;;;;;502;;;;;
;;;;;;;502;;;;;
;;;;;;;502;;;;;
;;;;;;;502;;;;;
;;;;;;;502;;;;;
;;;;;;;502;;;;;
;;;;;;;502;;;;;
;;;;;;;502;;;;;
;;;;;;;502;;;;;
;;;;;;;502;;;;;
;;;;;;;502;;;;;
;;;;;;;502;;;;;
;;;;;;;502;;;;;
;;;;;;;502;;;;;
;;;;;;;502;;;;;
;;;;;;;502;;;;;
;;;;;;;502;;;;;
;;;;;;;502;;;;;
;;;;;;;502;;;;;
;;;;;;;502;;;;;
;;;;;;;502;;;;;
;;;;;;;502;;;;;
;;;;;;;502;;;;;
;;;;;;;502;;;;;
;;;;;;;502;;;;;
;;;;;;;502;;;;;
;;;;;;;502;;;;;
;;;;;;;502;;;;;
;;;;;;;502;;;;;
;;;;;;;502;;;;;
;;;;;;;502;;;;;
;;;;;;;502;;;;;
;;;;;;;502;;;;;
;;;;;;;502;;;;;
;;;;;;;502;;;;;
;;;;;;;502;;;;;
;;;;;;;502;;;;;
;;;;;;;502;;;;;
;;;;;;;502;;;;;
;;;;;;;502;;;;;
;;;;;;;502;;;;;
;;;;;;;502;;;;;
;;;;;;;502;;;;;
;;;;;;;502;;;;;
;;;;;;;502;;;;;
;;;;;;;502;;;;;
;;;;;;;502;;;;;
;;;;;;;502;;;;;
;;;;;;;502;;;;;
;;;;;;;502;;;;;
;;;;;;;502;;;;;
;;;;;;;502;;;;;
;;;;;;;502;;;;;
;;;;;;;502;;;;;
;;;;;;;502;;;;;
;;;;;;;502;;;;;
;;;;;;;502;;;;;
;;;;;;;502;;;;;
;;;;;;;502;;;;;
;;;;;;;502;;;;;
;;;;;;;502;;;;;
;;;;;;;502;;;;;
;;;;;;;502;;;;;
;;;;;;;502;;;;;
;;;;;;;502;;;;;
;;;;;;;502;;;;;
;;;;;;;502;;;;;
;;;;;;;502;;;;;
;;;;;;;502;;;;;
;;;;;;;502;;;;;
;;;;;;;502;;;;;
;;;;;;;502;;;;;
;;;;;;;502;;;;;
;;;;;;;502;;;;;
;;;;;;;502;;;;;
;;;;;;;502;;;;;
;;;;;;;502;;;;;
;;;;;;;502;;;;;
;;;;;;;502;;;;;
;;;;;;;502;;;;;
;;;;;;;502;;;;;
;;;;;;;502;;;;;
;;;;;;;502;;;;;
;;;;;;;502;;;;;
;;;;;;;502;;;;;
;;;;;;;502;;;;;
;;;;;;;502;;;;;
;;;;;;;502;;;;;
;;;;;;;502;;;;;
;;;;;;;502;;;;;
;;;;;;;502;;;;;
;;;;;;;502;;;;;
;;;;;;;502;;;;;
;;;;;;;502;;;;;
;;;;;;;502;;;;;
;;;;;;;502;;;;;
;;;;;;;502;;;;;
;;;;;;;502;;;;;
;;;;;;;502;;;;;
;;;;;;;502;;;;;
;;;;;;;502;;;;;
;;;;;;;502;;;;;
;;;;;;;502;;;;;
;;;;;;;502;;;;;
;;;;;;;502;;;;;
;;;;;;;502;;;;;
;;;;;;;502;;;;;
;;;;;;;502;;;;;
;;;;;;;502;;;;;
;;;;;;;502;;;;;
;;;;;;;502;;;;;
;;;;;;;502;;;;;
;;;;;;;502;;;;;
;;;;;;;502;;;;;
;;;;;;;502;;;;;
;;;;;;;502;;;;;
;;;;;;;502;;;;;
;;;;;;;502;;;;;
;;;;;;;502;;;;;
;;;;;;;502;;;;;
;;;;;;;502;;;;;
;;;;;;;502;;;;;
;;;;;;;502;;;;;
;;;;;;;502;;;;;
;;;;;;;502;;;;;
;;;;;;;502;;;;;
;;;;;;;502;;;;;
;;;;;;;502;;;;;
;;;;;;;502;;;;;
;;;;;;;502;;;;;
;;;;;;;502;;;;;
;;;;;;;502;;;;;
;;;;;;;502;;;;;
;;;;;;;502;;;;;
;;;;;;;502;;;;;
;;;;;;;502;;;;;
;;;;;;;502;;;;;
;;;;;;;502;;;;;
;;;;;;;502;;;;;
;;;;;;;502;;;;;
;;;;;;;502;;;;;
;;;;;;;502;;;;;
;;;;;;;502;;;;;
;;;;;;;502;;;;;
;;;;;;;502;;;;;
;;;;;;;502;;;;;
;;;;;;;502;;;;;
;;;;;;;502;;;;;
;;;;;;;502;;;;;
;;;;;;;502;;;;;
;;;;;;;502;;;;;
;;;;;;;502;;;;;
;;;;;;;502;;;;;
;;;;;;;502;;;;;
;;;;;;;502;;;;;
;;;;;;;502;;;;;
;;;;;;;502;;;;;
;;;;;;;502;;;;;
;;;;;;;502;;;;;
;;;;;;;502;;;;;
;;;;;;;502;;;;;
;;;;;;;502;;;;;
;;;;;;;502;;;;;
;;;;;;;502;;;;;
;;;;;;;502;;;;;
;;;;;;;502;;;;;
;;;;;;;502;;;;;
;;;;;;;502;;;;;
;;;;;;;502;;;;;
;;;;;;;502;;;;;
;;;;;;;502;;;;;
;;;;;;;502;;;;;
;;;;;;;502;;;;;
;;;;;;;502;;;;;
;;;;;;;502;;;;;
;;;;;;;502;;;;;
;;;;;;;502;;;;;
;;;;;;;502;;;;;
;;;;;;;502;;;;;
;;;;;;;502;;;;;
;;;;;;;502;;;;;
;;;;;;;502;;;;;
;;;;;;;502;;;;;
;;;;;;;502;;;;;
;;;;;;;502;;;;;
;;;;;;;502;;;;;
;;;;;;;502;;;;;
;;;;;;;502;;;;;
;;;;;;;502;;;;;
;;;;;;;502;;;;;
;;;;;;;502;;;;;
;;;;;;;502;;;;;
;;;;;;;502;;;;;
;;;;;;;502;;;;;
;;;;;;;502;;;;;
;;;;;;;502;;;;;
;;;;;;;502;;;;;
;;;;;;;502;;;;;
;;;;;;;502;;;;;
;;;;;;;502;;;;;
;;;;;;;502;;;;;
;;;;;;;502;;;;;
;;;;;;;502;;;;;
;;;;;;;502;;;;;
;;;;;;;502;;;;;
;;;;;;;502;;;;;
;;;;;;;502;;;;;
;;;;;;;502;;;;;
;;;;;;;502;;;;;
;;;;;;;502;;;;;
;;;;;;;502;;;;;
;;;;;;;502;;;;;
;;;;;;;502;;;;;
;;;;;;;502;;;;;
;;;;;;;502;;;;;
;;;;;;;502;;;;;
;;;;;;;502;;;;;
;;;;;;;502;;;;;
;;;;;;;502;;;;;
;;;;;;;502;;;;;
;;;;;;;502;;;;;
;;;;;;;502;;;;;
;;;;;;;502;;;;;
;;;;;;;502;;;;;
;;;;;;;502;;;;;
;;;;;;;502;;;;;
;;;;;;;502;;;;;
;;;;;;;502;;;;;
;;;;;;;502;;;;;
;;;;;;;502;;;;;
;;;;;;;502;;;;;
;;;;;;;502;;;;;
;;;;;;;502;;;;;
;;;;;;;502;;;;;
;;;;;;;502;;;;;
;;;;;;;502;;;;;
;;;;;;;502;;;;;
;;;;;;;502;;;;;
;;;;;;;502;;;;;
;;;;;;;502;;;;;
;;;;;;;502;;;;;
;;;;;;;502;;;;;
;;;;;;;502;;;;;
;;;;;;;502;;;;;
;;;;;;;502;;;;;
;;;;;;;502;;;;;
;;;;;;;502;;;;;
;;;;;;;502;;;;;
;;;;;;;502;;;;;
;;;;;;;502;;;;;
;;;;;;;502;;;;;
;;;;;;;502;;;;;
;;;;;;;502;;;;;
;;;;;;;502;;;;;
;;;;;;;502;;;;;
;;;;;;;502;;;;;
;;;;;;;502;;;;;
;;;;;;;502;;;;;
;;;;;;;502;;;;;
;;;;;;;502;;;;;
;;;;;;;502;;;;;
;;;;;;;502;;;;;
;;;;;;;502;;;;;
;;;;;;;502;;;;;
;;;;;;;502;;;;;
;;;;;;;502;;;;;
;;;;;;;502;;;;;
;;;;;;;502;;;;;
;;;;;;;502;;;;;
;;;;;;;502;;;;;
;;;;;;;502;;;;;
;;;;;;;502;;;;;
;;;;;;;502;;;;;
;;;;;;;502;;;;;
;;;;;;;502;;;;;
;;;;;;;502;;;;;
;;;;;;;502;;;;;
;;;;;;;502;;;;;
;;;;;;;502;;;;;
;;;;;;;502;;;;;
;;;;;;;502;;;;;
;;;;;;;502;;;;;
;;;;;;;502;;;;;
;;;;;;;502;;;;;
;;;;;;;502;;;;;
;;;;;;;502;;;;;
;;;;;;;502;;;;;
;;;;;;;502;;;;;
;;;;;;;502;;;;;
;;;;;;;502;;;;;
;;;;;;;502;;;;;
;;;;;;;502;;;;;
;;;;;;;502;;;;;
;;;;;;;502;;;;;
;;;;;;;502;;;;;
;;;;;;;502;;;;;
;;;;;;;502;;;;;
;;;;;;;502;;;;;
;;;;;;;502;;;;;
;;;;;;;502;;;;;
;;;;;;;502;;;;;
;;;;;;;502;;;;;
;;;;;;;502;;;;;
;;;;;;;502;;;;;
;;;;;;;502;;;;;
;;;;;;;502;;;;;
;;;;;;;502;;;;;
;;;;;;;502;;;;;
;;;;;;;502;;;;;
;;;;;;;502;;;;;
;;;;;;;502;;;;;
;;;;;;;502;;;;;
;;;;;;;502;;;;;
;;;;;;;502;;;;;
;;;;;;;502;;;;;
;;;;;;;502;;;;;
;;;;;;;502;;;;;
;;;;;;;502;;;;;
;;;;;;;502;;;;;
;;;;;;;502;;;;;
;;;;;;;502;;;;;
;;;;;;;502;;;;;
;;;;;;;502;;;;;
;;;;;;;502;;;;;
;;;;;;;502;;;;;
;;;;;;;502;;;;;
;;;;;;;502;;;;;
;;;;;;;502;;;;;
;;;;;;;502;;;;;
;;;;;;;502;;;;;
;;;;;;;502;;;;;
;;;;;;;502;;;;;
;;;;;;;502;;;;;
;;;;;;;502;;;;;
;;;;;;;502;;;;;
;;;;;;;502;;;;;
;;;;;;;502;;;;;
;;;;;;;502;;;;;
;;;;;;;502;;;;;
;;;;;;;502;;;;;
;;;;;;;502;;;;;
;;;;;;;502;;;;;
;;;;;;;502;;;;;
;;;;;;;502;;;;;
;;;;;;;502;;;;;
;;;;;;;502;;;;;
;;;;;;;502;;;;;
;;;;;;;502;;;;;
;;;;;;;502;;;;;
;;;;;;;502;;;;;
;;;;;;;502;;;;;
;;;;;;;502;;;;;
;;;;;;;502;;;;;
;;;;;;;502;;;;;
;;;;;;;502;;;;;
;;;;;;;502;;;;;
;;;;;;;502;;;;;
;;;;;;;502;;;;;
;;;;;;;502;;;;;
;;;;;;;502;;;;;
;;;;;;;502;;;;;
;;;;;;;502;;;;;
;;;;;;;502;;;;;
;;;;;;;502;;;;;
;;;;;;;502;;;;;
;;;;;;;502;;;;;
;;;;;;;502;;;;;
;;;;;;;502;;;;;
;;;;;;;502;;;;;
;;;;;;;502;;;;;
;;;;;;;502;;;;;
;;;;;;;502;;;;;
;;;;;;;502;;;;;
;;;;;;;502;;;;;
;;;;;;;502;;;;;
;;;;;;;502;;;;;
;;;;;;;502;;;;;
;;;;;;;502;;;;;
;;;;;;;502;;;;;
;;;;;;;502;;;;;
;;;;;;;502;;;;;
;;;;;;;502;;;;;
;;;;;;;502;;;;;
;;;;;;;502;;;;;
;;;;;;;502;;;;;
;;;;;;;502;;;;;
;;;;;;;502;;;;;
;;;;;;;502;;;;;
;;;;;;;502;;;;;
;;;;;;;502;;;;;
;;;;;;;502;;;;;
;;;;;;;502;;;;;
;;;;;;;502;;;;;
;;;;;;;502;;;;;
;;;;;;;502;;;;;
;;;;;;;502;;;;;
;;;;;;;502;;;;;
;;;;;;;502;;;;;
;;;;;;;502;;;;;
;;;;;;;502;;;;;
;;;;;;;502;;;;;
;;;;;;;502;;;;;
;;;;;;;502;;;;;
;;;;;;;502;;;;;
;;;;;;;502;;;;;
;;;;;;;502;;;;;
;;;;;;;502;;;;;
;;;;;;;502;;;;;
;;;;;;;502;;;;;
;;;;;;;502;;;;;
;;;;;;;502;;;;;
;;;;;;;502;;;;;
;;;;;;;502;;;;;
;;;;;;;502;;;;;
;;;;;;;502;;;;;
;;;;;;;502;;;;;
;;;;;;;502;;;;;
;;;;;;;502;;;;;
;;;;;;;502;;;;;
;;;;;;;502;;;;;
;;;;;;;502;;;;;
;;;;;;;502;;;;;
;;;;;;;502;;;;;
;;;;;;;502;;;;;
;;;;;;;502;;;;;
;;;;;;;502;;;;;
;;;;;;;502;;;;;
;;;;;;;502;;;;;
;;;;;;;502;;;;;
;;;;;;;502;;;;;
;;;;;;;502;;;;;
;;;;;;;502;;;;;
;;;;;;;502;;;;;
;;;;;;;502;;;;;
;;;;;;;502;;;;;
;;;;;;;502;;;;;
;;;;;;;502;;;;;
;;;;;;;502;;;;;
;;;;;;;502;;;;;
;;;;;;;502;;;;;
;;;;;;;502;;;;;
;;;;;;;502;;;;;
;;;;;;;502;;;;;
;;;;;;;502;;;;;
;;;;;;;502;;;;;
;;;;;;;502;;;;;
;;;;;;;502;;;;;
;;;;;;;502;;;;;
;;;;;;;502;;;;;
;;;;;;;502;;;;;
;;;;;;;502;;;;;
;;;;;;;502;;;;;
;;;;;;;502;;;;;
;;;;;;;502;;;;;
;;;;;;;502;;;;;
;;;;;;;502;;;;;
;;;;;;;502;;;;;
;;;;;;;502;;;;;
;;;;;;;502;;;;;
;;;;;;;502;;;;;
;;;;;;;502;;;;;
;;;;;;;502;;;;;
;;;;;;;502;;;;;
;;;;;;;502;;;;;
;;;;;;;502;;;;;
;;;;;;;502;;;;;
;;;;;;;502;;;;;
;;;;;;;502;;;;;
;;;;;;;502;;;;;
;;;;;;;502;;;;;
;;;;;;;502;;;;;
;;;;;;;502;;;;;
;;;;;;;502;;;;;
;;;;;;;502;;;;;
;;;;;;;502;;;;;
;;;;;;;502;;;;;
;;;;;;;502;;;;;
;;;;;;;502;;;;;
;;;;;;;502;;;;;
;;;;;;;502;;;;;
;;;;;;;502;;;;;
;;;;;;;502;;;;;
;;;;;;;502;;;;;
;;;;;;;502;;;;;
;;;;;;;502;;;;;
;;;;;;;502;;;;;
;;;;;;;502;;;;;
;;;;;;;502;;;;;
;;;;;;;502;;;;;
;;;;;;;502;;;;;
;;;;;;;502;;;;;
;;;;;;;502;;;;;
;;;;;;;502;;;;;
;;;;;;;502;;;;;
;;;;;;;502;;;;;
;;;;;;;502;;;;;
;;;;;;;502;;;;;
;;;;;;;502;;;;;
;;;;;;;502;;;;;
;;;;;;;502;;;;;
;;;;;;;502;;;;;
;;;;;;;502;;;;;
;;;;;;;502;;;;;
;;;;;;;502;;;;;
;;;;;;;502;;;;;
;;;;;;;502;;;;;
;;;;;;;502;;;;;
;;;;;;;502;;;;;
;;;;;;;502;;;;;
;;;;;;;502;;;;;
;;;;;;;502;;;;;
;;;;;;;502;;;;;
;;;;;;;502;;;;;
;;;;;;;502;;;;;
;;;;;;;502;;;;;
;;;;;;;502;;;;;
;;;;;;;502;;;;;
;;;;;;;502;;;;;
;;;;;;;502;;;;;
;;;;;;;502;;;;;
;;;;;;;502;;;;;
;;;;;;;502;;;;;
;;;;;;;502;;;;;
;;;;;;;502;;;;;
;;;;;;;502;;;;;
;;;;;;;502;;;;;
;;;;;;;502;;;;;
;;;;;;;502;;;;;
;;;;;;;502;;;;;
;;;;;;;502;;;;;
;;;;;;;502;;;;;
;;;;;;;502;;;;;
;;;;;;;502;;;;;
;;;;;;;502;;;;;
;;;;;;;502;;;;;
;;;;;;;502;;;;;
;;;;;;;502;;;;;
;;;;;;;502;;;;;
;;;;;;;502;;;;;
;;;;;;;502;;;;;
;;;;;;;502;;;;;
;;;;;;;502;;;;;
;;;;;;;502;;;;;
;;;;;;;502;;;;;
;;;;;;;502;;;;;
;;;;;;;502;;;;;
;;;;;;;502;;;;;
;;;;;;;502;;;;;
;;;;;;;502;;;;;
;;;;;;;502;;;;;
;;;;;;;502;;;;;
;;;;;;;502;;;;;
;;;;;;;502;;;;;
;;;;;;;502;;;;;
;;;;;;;502;;;;;
;;;;;;;502;;;;;
;;;;;;;502;;;;;
;;;;;;;502;;;;;
;;;;;;;502;;;;;
;;;;;;;502;;;;;
;;;;;;;502;;;;;
;;;;;;;502;;;;;
;;;;;;;502;;;;;
;;;;;;;502;;;;;
;;;;;;;502;;;;;
;;;;;;;502;;;;;
;;;;;;;502;;;;;
;;;;;;;502;;;;;
;;;;;;;502;;;;;
;;;;;;;502;;;;;
;;;;;;;502;;;;;
;;;;;;;502;;;;;
;;;;;;;502;;;;;
;;;;;;;502;;;;;
;;;;;;;502;;;;;
;;;;;;;502;;;;;
;;;;;;;502;;;;;
;;;;;;;502;;;;;
;;;;;;;502;;;;;
;;;;;;;502;;;;;
;;;;;;;502;;;;;
;;;;;;;502;;;;;
;;;;;;;502;;;;;
;;;;;;;502;;;;;
;;;;;;;502;;;;;
;;;;;;;502;;;;;
;;;;;;;502;;;;;
;;;;;;;502;;;;;
;;;;;;;502;;;;;
;;;;;;;502;;;;;
;;;;;;;502;;;;;
;;;;;;;502;;;;;
;;;;;;;502;;;;;
;;;;;;;502;;;;;
;;;;;;;502;;;;;
;;;;;;;502;;;;;
;;;;;;;502;;;;;
;;;;;;;502;;;;;
;;;;;;;502;;;;;
;;;;;;;502;;;;;
;;;;;;;502;;;;;
;;;;;;;502;;;;;
;;;;;;;502;;;;;
;;;;;;;502;;;;;
;;;;;;;502;;;;;
;;;;;;;502;;;;;
;;;;;;;502;;;;;
;;;;;;;502;;;;;
;;;;;;;502;;;;;
;;;;;;;502;;;;;
;;;;;;;502;;;;;
;;;;;;;502;;;;;
;;;;;;;502;;;;;
;;;;;;;502;;;;;
;;;;;;;502;;;;;
;;;;;;;502;;;;;
;;;;;;;502;;;;;
;;;;;;;502;;;;;
;;;;;;;502;;;;;
;;;;;;;502;;;;;
;;;;;;;502;;;;;
;;;;;;;502;;;;;
;;;;;;;502;;;;;
;;;;;;;502;;;;;
;;;;;;;502;;;;;
;;;;;;;502;;;;;
;;;;;;;502;;;;;
;;;;;;;502;;;;;
;;;;;;;502;;;;;
;;;;;;;502;;;;;
;;;;;;;502;;;;;
;;;;;;;502;;;;;
;;;;;;;502;;;;;
;;;;;;;502;;;;;
;;;;;;;502;;;;;
;;;;;;;502;;;;;
;;;;;;;502;;;;;
;;;;;;;502;;;;;
;;;;;;;502;;;;;
;;;;;;;502;;;;;
;;;;;;;502;;;;;
;;;;;;;502;;;;;
;;;;;;;502;;;;;
;;;;;;;502;;;;;
;;;;;;;502;;;;;
;;;;;;;502;;;;;
;;;;;;;502;;;;;
;;;;;;;502;;;;;
;;;;;;;502;;;;;
;;;;;;;502;;;;;
;;;;;;;502;;;;;
;;;;;;;502;;;;;
;;;;;;;502;;;;;
;;;;;;;502;;;;;
;;;;;;;502;;;;;
;;;;;;;502;;;;;
;;;;;;;502;;;;;
;;;;;;;502;;;;;
;;;;;;;502;;;;;
;;;;;;;502;;;;;
;;;;;;;502;;;;;
;;;;;;;502;;;;;
;;;;;;;502;;;;;
;;;;;;;502;;;;;
;;;;;;;502;;;;;
;;;;;;;502;;;;;
;;;;;;;502;;;;;
;;;;;;;502;;;;;
;;;;;;;502;;;;;
;;;;;;;502;;;;;
;;;;;;;502;;;;;
;;;;;;;502;;;;;
;;;;;;;502;;;;;
;;;;;;;502;;;;;
;;;;;;;502;;;;;
;;;;;;;502;;;;;
;;;;;;;502;;;;;
;;;;;;;502;;;;;
;;;;;;;502;;;;;
;;;;;;;502;;;;;
;;;;;;;502;;;;;
;;;;;;;502;;;;;
;;;;;;;502;;;;;
;;;;;;;502;;;;;
;;;;;;;502;;;;;
;;;;;;;502;;;;;
;;;;;;;502;;;;;
;;;;;;;502;;;;;
;;;;;;;502;;;;;
;;;;;;;502;;;;;
;;;;;;;502;;;;;
;;;;;;;502;;;;;
;;;;;;;502;;;;;
;;;;;;;502;;;;;
;;;;;;;502;;;;;
;;;;;;;502;;;;;
;;;;;;;502;;;;;
;;;;;;;502;;;;;
;;;;;;;502;;;;;
;;;;;;;502;;;;;
;;;;;;;502;;;;;
;;;;;;;502;;;;;
;;;;;;;502;;;;;
;;;;;;;502;;;;;
;;;;;;;502;;;;;
;;;;;;;502;;;;;
;;;;;;;502;;;;;
;;;;;;;502;;;;;
;;;;;;;502;;;;;
;;;;;;;502;;;;;
;;;;;;;502;;;;;
;;;;;;;502;;;;;
;;;;;;;502;;;;;
;;;;;;;502;;;;;
;;;;;;;502;;;;;
;;;;;;;502;;;;;
;;;;;;;502;;;;;
;;;;;;;502;;;;;
;;;;;;;502;;;;;
;;;;;;;502;;;;;
;;;;;;;502;;;;;
;;;;;;;502;;;;;
;;;;;;;502;;;;;
;;;;;;;502;;;;;
;;;;;;;502;;;;;
;;;;;;;502;;;;;
;;;;;;;502;;;;;
;;;;;;;502;;;;;
;;;;;;;502;;;;;
;;;;;;;502;;;;;
;;;;;;;502;;;;;
;;;;;;;502;;;;;
;;;;;;;502;;;;;
;;;;;;;502;;;;;
;;;;;;;502;;;;;
;;;;;;;502;;;;;
;;;;;;;502;;;;;
;;;;;;;502;;;;;
;;;;;;;502;;;;;
;;;;;;;502;;;;;
;;;;;;;502;;;;;
;;;;;;;502;;;;;
;;;;;;;502;;;;;
;;;;;;;502;;;;;
;;;;;;;502;;;;;
;;;;;;;502;;;;;
;;;;;;;502;;;;;
;;;;;;;502;;;;;
;;;;;;;502;;;;;
;;;;;;;502;;;;;
;;;;;;;502;;;;;
;;;;;;;502;;;;;
;;;;;;;502;;;;;
;;;;;;;502;;;;;
;;;;;;;502;;;;;
;;;;;;;502;;;;;
;;;;;;;502;;;;;
;;;;;;;502;;;;;
;;;;;;;502;;;;;
;;;;;;;502;;;;;
;;;;;;;502;;;;;
;;;;;;;502;;;;;
;;;;;;;502;;;;;
;;;;;;;502;;;;;
;;;;;;;502;;;;;
;;;;;;;502;;;;;
;;;;;;;502;;;;;
;;;;;;;502;;;;;
;;;;;;;502;;;;;
;;;;;;;502;;;;;
;;;;;;;502;;;;;
;;;;;;;502;;;;;
;;;;;;;502;;;;;
;;;;;;;502;;;;;
;;;;;;;502;;;;;
;;;;;;;502;;;;;
;;;;;;;502;;;;;
;;;;;;;502;;;;;
;;;;;;;502;;;;;
;;;;;;;502;;;;;
;;;;;;;502;;;;;
;;;;;;;502;;;;;
;;;;;;;502;;;;;
;;;;;;;502;;;;;
;;;;;;;502;;;;;
;;;;;;;502;;;;;
;;;;;;;502;;;;;
;;;;;;;502;;;;;
;;;;;;;502;;;;;
;;;;;;;502;;;;;
;;;;;;;502;;;;;
;;;;;;;502;;;;;
;;;;;;;502;;;;;
;;;;;;;502;;;;;
;;;;;;;502;;;;;
;;;;;;;502;;;;;
;;;;;;;502;;;;;
;;;;;;;502;;;;;
;;;;;;;502;;;;;
;;;;;;;502;;;;;
;;;;;;;502;;;;;
;;;;;;;502;;;;;
;;;;;;;502;;;;;
;;;;;;;502;;;;;
;;;;;;;502;;;;;
;;;;;;;502;;;;;
;;;;;;;502;;;;;
;;;;;;;502;;;;;
;;;;;;;502;;;;;
;;;;;;;502;;;;;
;;;;;;;502;;;;;
;;;;;;;502;;;;;
;;;;;;;502;;;;;
;;;;;;;502;;;;;
;;;;;;;502;;;;;
;;;;;;;502;;;;;
;;;;;;;502;;;;;
;;;;;;;502;;;;;
;;;;;;;502;;;;;
;;;;;;;502;;;;;
;;;;;;;502;;;;;
;;;;;;;502;;;;;
;;;;;;;502;;;;;
;;;;;;;502;;;;;
;;;;;;;502;;;;;
;;;;;;;502;;;;;
;;;;;;;502;;;;;
;;;;;;;502;;;;;
;;;;;;;502;;;;;
;;;;;;;502;;;;;
;;;;;;;502;;;;;
;;;;;;;502;;;;;
;;;;;;;502;;;;;
;;;;;;;502;;;;;
;;;;;;;502;;;;;
;;;;;;;502;;;;;
;;;;;;;502;;;;;
;;;;;;;502;;;;;
;;;;;;;502;;;;;
;;;;;;;502;;;;;
;;;;;;;502;;;;;
;;;;;;;502;;;;;
;;;;;;;502;;;;;
;;;;;;;502;;;;;
;;;;;;;502;;;;;
;;;;;;;502;;;;;
;;;;;;;502;;;;;
;;;;;;;502;;;;;
;;;;;;;502;;;;;
;;;;;;;502;;;;;
;;;;;;;502;;;;;
;;;;;;;502;;;;;
;;;;;;;502;;;;;
;;;;;;;502;;;;;
;;;;;;;502;;;;;
;;;;;;;502;;;;;
;;;;;;;502;;;;;
;;;;;;;502;;;;;
;;;;;;;502;;;;;
;;;;;;;502;;;;;
;;;;;;;502;;;;;
;;;;;;;502;;;;;
;;;;;;;502;;;;;
;;;;;;;502;;;;;
;;;;;;;502;;;;;
;;;;;;;502;;;;;
;;;;;;;502;;;;;
;;;;;;;502;;;;;
;;;;;;;502;;;;;
;;;;;;;502;;;;;
;;;;;;;502;;;;;
;;;;;;;502;;;;;
;;;;;;;502;;;;;
;;;;;;;502;;;;;
;;;;;;;502;;;;;
;;;;;;;502;;;;;
;;;;;;;502;;;;;
;;;;;;;502;;;;;
;;;;;;;502;;;;;
;;;;;;;502;;;;;
;;;;;;;502;;;;;
;;;;;;;502;;;;;
;;;;;;;502;;;;;
;;;;;;;502;;;;;
;;;;;;;502;;;;;
;;;;;;;502;;;;;
;;;;;;;502;;;;;
;;;;;;;502;;;;;
;;;;;;;502;;;;;
;;;;;;;502;;;;;
;;;;;;;502;;;;;
;;;;;;;502;;;;;
;;;;;;;502;;;;;
;;;;;;;502;;;;;
;;;;;;;502;;;;;
;;;;;;;502;;;;;
;;;;;;;502;;;;;
;;;;;;;502;;;;;
;;;;;;;502;;;;;
;;;;;;;502;;;;;
;;;;;;;502;;;;;
;;;;;;;502;;;;;
;;;;;;;502;;;;;
;;;;;;;502;;;;;
;;;;;;;502;;;;;
;;;;;;;502;;;;;
;;;;;;;502;;;;;
;;;;;;;502;;;;;
;;;;;;;502;;;;;
;;;;;;;502;;;;;
;;;;;;;502;;;;;
;;;;;;;502;;;;;
;;;;;;;502;;;;;
;;;;;;;502;;;;;
;;;;;;;502;;;;;
;;;;;;;502;;;;;
;;;;;;;502;;;;;
;;;;;;;502;;;;;
;;;;;;;502;;;;;
;;;;;;;502;;;;;
;;;;;;;502;;;;;
;;;;;;;502;;;;;
;;;;;;;502;;;;;
;;;;;;;502;;;;;
;;;;;;;502;;;;;
;;;;;;;502;;;;;
;;;;;;;502;;;;;
;;;;;;;502;;;;;
;;;;;;;502;;;;;
;;;;;;;502;;;;;
;;;;;;;502;;;;;
;;;;;;;502;;;;;
;;;;;;;502;;;;;
;;;;;;;502;;;;;
;;;;;;;502;;;;;
;;;;;;;502;;;;;
;;;;;;;502;;;;;
;;;;;;;502;;;;;
;;;;;;;502;;;;;
;;;;;;;502;;;;;
;;;;;;;502;;;;;
;;;;;;;502;;;;;
;;;;;;;502;;;;;
;;;;;;;502;;;;;
;;;;;;;502;;;;;
;;;;;;;502;;;;;
;;;;;;;502;;;;;
;;;;;;;502;;;;;
;;;;;;;502;;;;;
;;;;;;;502;;;;;
;;;;;;;502;;;;;
;;;;;;;502;;;;;
;;;;;;;502;;;;;
;;;;;;;502;;;;;
;;;;;;;502;;;;;
;;;;;;;502;;;;;
;;;;;;;502;;;;;
;;;;;;;502;;;;;
;;;;;;;502;;;;;
;;;;;;;502;;;;;
;;;;;;;502;;;;;
;;;;;;;502;;;;;
;;;;;;;502;;;;;
;;;;;;;502;;;;;
;;;;;;;502;;;;;
;;;;;;;502;;;;;
;;;;;;;502;;;;;
;;;;;;;502;;;;;
;;;;;;;502;;;;;
;;;;;;;502;;;;;
;;;;;;;502;;;;;
;;;;;;;502;;;;;
;;;;;;;502;;;;;
;;;;;;;502;;;;;
;;;;;;;502;;;;;
;;;;;;;502;;;;;
;;;;;;;502;;;;;
;;;;;;;502;;;;;
;;;;;;;502;;;;;
;;;;;;;502;;;;;
;;;;;;;502;;;;;
;;;;;;;502;;;;;
;;;;;;;502;;;;;
;;;;;;;502;;;;;
;;;;;;;502;;;;;
;;;;;;;502;;;;;
;;;;;;;502;;;;;
;;;;;;;502;;;;;
;;;;;;;502;;;;;
;;;;;;;502;;;;;
;;;;;;;502;;;;;
;;;;;;;502;;;;;
;;;;;;;502;;;;;
;;;;;;;502;;;;;
;;;;;;;502;;;;;
;;;;;;;502;;;;;
;;;;;;;502;;;;;
;;;;;;;502;;;;;
;;;;;;;502;;;;;
;;;;;;;502;;;;;
;;;;;;;502;;;;;
;;;;;;;502;;;;;
;;;;;;;502;;;;;
;;;;;;;502;;;;;
;;;;;;;502;;;;;
;;;;;;;502;;;;;
;;;;;;;502;;;;;
;;;;;;;502;;;;;
;;;;;;;502;;;;;
;;;;;;;502;;;;;
;;;;;;;502;;;;;
;;;;;;;502;;;;;
;;;;;;;502;;;;;
;;;;;;;502;;;;;
;;;;;;;502;;;;;
;;;;;;;502;;;;;
;;;;;;;502;;;;;
;;;;;;;502;;;;;
;;;;;;;502;;;;;
;;;;;;;502;;;;;
;;;;;;;502;;;;;
;;;;;;;502;;;;;
;;;;;;;502;;;;;
;;;;;;;502;;;;;
;;;;;;;502;;;;;
;;;;;;;502;;;;;
;;;;;;;502;;;;;
;;;;;;;502;;;;;
;;;;;;;502;;;;;
;;;;;;;502;;;;;
;;;;;;;502;;;;;
;;;;;;;502;;;;;
;;;;;;;502;;;;;
;;;;;;;502;;;;;
;;;;;;;502;;;;;
;;;;;;;502;;;;;
;;;;;;;502;;;;;
;;;;;;;502;;;;;
;;;;;;;502;;;;;
;;;;;;;502;;;;;
;;;;;;;502;;;;;
;;;;;;;502;;;;;
;;;;;;;502;;;;;
;;;;;;;502;;;;;
;;;;;;;502;;;;;
;;;;;;;502;;;;;
;;;;;;;502;;;;;
;;;;;;;502;;;;;
;;;;;;;502;;;;;
;;;;;;;502;;;;;
;;;;;;;502;;;;;
;;;;;;;502;;;;;
;;;;;;;502;;;;;
;;;;;;;502;;;;;
;;;;;;;502;;;;;
;;;;;;;502;;;;;
;;;;;;;502;;;;;
;;;;;;;502;;;;;
;;;;;;;502;;;;;
;;;;;;;502;;;;;
;;;;;;;502;;;;;
;;;;;;;502;;;;;
;;;;;;;502;;;;;
;;;;;;;502;;;;;
;;;;;;;502;;;;;
;;;;;;;502;;;;;
;;;;;;;502;;;;;
;;;;;;;502;;;;;
;;;;;;;502;;;;;
;;;;;;;502;;;;;
;;;;;;;502;;;;;
;;;;;;;502;;;;;
;;;;;;;502;;;;;
;;;;;;;502;;;;;
;;;;;;;502;;;;;
;;;;;;;502;;;;;
;;;;;;;502;;;;;
;;;;;;;502;;;;;
;;;;;;;502;;;;;
;;;;;;;502;;;;;
;;;;;;;502;;;;;
;;;;;;;502;;;;;
;;;;;;;502;;;;;
;;;;;;;502;;;;;
;;;;;;;502;;;;;
;;;;;;;502;;;;;
;;;;;;;502;;;;;
;;;;;;;502;;;;;
;;;;;;;502;;;;;
;;;;;;;502;;;;;
;;;;;;;502;;;;;
;;;;;;;502;;;;;
;;;;;;;502;;;;;
;;;;;;;502;;;;;
;;;;;;;502;;;;;
;;;;;;;502;;;;;
;;;;;;;502;;;;;
;;;;;;;502;;;;;
;;;;;;;502;;;;;
;;;;;;;502;;;;;
;;;;;;;502;;;;;
;;;;;;;502;;;;;
;;;;;;;502;;;;;
;;;;;;;502;;;;;
;;;;;;;502;;;;;
;;;;;;;502;;;;;
;;;;;;;502;;;;;
;;;;;;;502;;;;;
;;;;;;;502;;;;;
;;;;;;;502;;;;;
;;;;;;;502;;;;;
;;;;;;;502;;;;;
;;;;;;;502;;;;;
;;;;;;;502;;;;;
;;;;;;;502;;;;;
;;;;;;;502;;;;;
;;;;;;;502;;;;;
;;;;;;;502;;;;;
;;;;;;;502;;;;;
;;;;;;;502;;;;;
;;;;;;;502;;;;;
;;;;;;;502;;;;;
;;;;;;;502;;;;;
;;;;;;;502;;;;;
;;;;;;;502;;;;;
;;;;;;;502;;;;;
;;;;;;;502;;;;;
;;;;;;;502;;;;;
;;;;;;;502;;;;;
;;;;;;;502;;;;;
;;;;;;;502;;;;;
;;;;;;;502;;;;;
;;;;;;;502;;;;;
;;;;;;;502;;;;;
;;;;;;;502;;;;;
;;;;;;;502;;;;;
;;;;;;;502;;;;;
;;;;;;;502;;;;;
;;;;;;;502;;;;;
;;;;;;;502;;;;;
;;;;;;;502;;;;;
;;;;;;;502;;;;;
;;;;;;;502;;;;;
;;;;;;;502;;;;;
;;;;;;;502;;;;;
;;;;;;;502;;;;;
;;;;;;;502;;;;;
;;;;;;;502;;;;;
;;;;;;;502;;;;;
;;;;;;;502;;;;;
;;;;;;;502;;;;;
;;;;;;;502;;;;;
;;;;;;;502;;;;;
;;;;;;;502;;;;;
;;;;;;;502;;;;;
;;;;;;;502;;;;;
;;;;;;;502;;;;;
;;;;;;;502;;;;;
;;;;;;;502;;;;;
;;;;;;;502;;;;;
;;;;;;;502;;;;;
;;;;;;;502;;;;;
;;;;;;;502;;;;;
;;;;;;;502;;;;;
;;;;;;;502;;;;;
;;;;;;;502;;;;;
;;;;;;;502;;;;;
;;;;;;;502;;;;;
;;;;;;;502;;;;;
;;;;;;;502;;;;;
;;;;;;;502;;;;;
;;;;;;;502;;;;;
;;;;;;;502;;;;;
;;;;;;;502;;;;;
;;;;;;;502;;;;;
;;;;;;;502;;;;;
;;;;;;;502;;;;;
;;;;;;;502;;;;;
;;;;;;;502;;;;;
;;;;;;;502;;;;;
;;;;;;;502;;;;;
;;;;;;;502;;;;;
;;;;;;;502;;;;;
;;;;;;;502;;;;;
;;;;;;;502;;;;;
;;;;;;;502;;;;;
;;;;;;;502;;;;;
;;;;;;;502;;;;;
;;;;;;;502;;;;;
;;;;;;;502;;;;;
;;;;;;;502;;;;;
;;;;;;;502;;;;;
;;;;;;;502;;;;;
;;;;;;;502;;;;;
;;;;;;;502;;;;;
;;;;;;;502;;;;;
;;;;;;;502;;;;;
;;;;;;;502;;;;;
;;;;;;;502;;;;;
;;;;;;;502;;;;;
;;;;;;;502;;;;;
;;;;;;;502;;;;;
;;;;;;;502;;;;;
;;;;;;;502;;;;;
;;;;;;;502;;;;;
;;;;;;;502;;;;;
;;;;;;;502;;;;;
;;;;;;;502;;;;;
;;;;;;;502;;;;;
;;;;;;;502;;;;;
;;;;;;;502;;;;;
;;;;;;;502;;;;;
;;;;;;;502;;;;;
;;;;;;;502;;;;;
;;;;;;;502;;;;;
;;;;;;;502;;;;;
;;;;;;;502;;;;;
;;;;;;;502;;;;;
;;;;;;;502;;;;;
;;;;;;;502;;;;;
;;;;;;;502;;;;;
;;;;;;;502;;;;;
;;;;;;;502;;;;;
;;;;;;;502;;;;;
;;;;;;;502;;;;;
;;;;;;;502;;;;;
;;;;;;;502;;;;;
;;;;;;;502;;;;;
;;;;;;;502;;;;;
;;;;;;;502;;;;;
;;;;;;;502;;;;;
;;;;;;;502;;;;;
;;;;;;;502;;;;;
;;;;;;;502;;;;;
;;;;;;;502;;;;;
;;;;;;;502;;;;;
;;;;;;;502;;;;;
;;;;;;;502;;;;;
;;;;;;;502;;;;;
;;;;;;;502;;;;;
;;;;;;;502;;;;;
;;;;;;;502;;;;;
;;;;;;;502;;;;;
;;;;;;;502;;;;;
;;;;;;;502;;;;;
;;;;;;;502;;;;;
;;;;;;;502;;;;;
;;;;;;;502;;;;;
;;;;;;;502;;;;;
;;;;;;;502;;;;;
;;;;;;;502;;;;;
;;;;;;;502;;;;;
;;;;;;;502;;;;;
;;;;;;;502;;;;;
;;;;;;;502;;;;;
;;;;;;;502;;;;;
;;;;;;;502;;;;;
;;;;;;;502;;;;;
;;;;;;;502;;;;;
;;;;;;;502;;;;;
;;;;;;;502;;;;;
;;;;;;;502;;;;;
;;;;;;;502;;;;;
;;;;;;;502;;;;;
;;;;;;;502;;;;;
;;;;;;;502;;;;;
;;;;;;;502;;;;;
;;;;;;;502;;;;;
;;;;;;;502;;;;;
;;;;;;;502;;;;;
;;;;;;;502;;;;;
;;;;;;;502;;;;;
;;;;;;;502;;;;;
;;;;;;;502;;;;;
;;;;;;;502;;;;;
;;;;;;;502;;;;;
;;;;;;;502;;;;;
;;;;;;;502;;;;;
;;;;;;;502;;;;;
;;;;;;;502;;;;;
;;;;;;;502;;;;;
;;;;;;;502;;;;;
;;;;;;;502;;;;;
;;;;;;;502;;;;;
;;;;;;;502;;;;;
;;;;;;;502;;;;;
;;;;;;;502;;;;;
;;;;;;;502;;;;;
;;;;;;;502;;;;;
;;;;;;;502;;;;;
;;;;;;;502;;;;;
;;;;;;;502;;;;;
;;;;;;;502;;;;;
;;;;;;;502;;;;;
;;;;;;;502;;;;;
;;;;;;;502;;;;;
;;;;;;;502;;;;;
;;;;;;;502;;;;;
;;;;;;;502;;;;;
;;;;;;;502;;;;;
;;;;;;;502;;;;;
;;;;;;;502;;;;;
;;;;;;;502;;;;;
;;;;;;;502;;;;;
;;;;;;;502;;;;;
;;;;;;;502;;;;;
;;;;;;;502;;;;;
;;;;;;;502;;;;;
;;;;;;;502;;;;;
;;;;;;;502;;;;;
;;;;;;;502;;;;;
;;;;;;;502;;;;;
;;;;;;;502;;;;;
;;;;;;;502;;;;;
;;;;;;;502;;;;;
;;;;;;;502;;;;;
;;;;;;;502;;;;;
;;;;;;;502;;;;;
;;;;;;;502;;;;;
;;;;;;;502;;;;;
;;;;;;;502;;;;;
;;;;;;;502;;;;;
;;;;;;;502;;;;;
;;;;;;;502;;;;;
;;;;;;;502;;;;;
;;;;;;;502;;;;;
;;;;;;;502;;;;;
;;;;;;;502;;;;;
;;;;;;;502;;;;;
;;;;;;;502;;;;;
;;;;;;;502;;;;;
;;;;;;;502;;;;;
;;;;;;;502;;;;;
;;;;;;;502;;;;;
;;;;;;;502;;;;;
;;;;;;;502;;;;;
;;;;;;;502;;;;;
;;;;;;;502;;;;;
;;;;;;;502;;;;;
;;;;;;;502;;;;;
;;;;;;;502;;;;;
;;;;;;;502;;;;;
;;;;;;;502;;;;;
;;;;;;;502;;;;;
;;;;;;;502;;;;;
;;;;;;;502;;;;;
;;;;;;;502;;;;;
;;;;;;;502;;;;;
;;;;;;;502;;;;;
;;;;;;;502;;;;;
;;;;;;;502;;;;;
;;;;;;;502;;;;;
;;;;;;;502;;;;;
;;;;;;;502;;;;;
;;;;;;;502;;;;;
;;;;;;;502;;;;;
;;;;;;;502;;;;;
;;;;;;;502;;;;;
;;;;;;;502;;;;;
;;;;;;;502;;;;;
;;;;;;;502;;;;;
;;;;;;;502;;;;;
;;;;;;;502;;;;;
;;;;;;;502;;;;;
;;;;;;;502;;;;;
;;;;;;;502;;;;;
;;;;;;;502;;;;;
;;;;;;;502;;;;;
;;;;;;;502;;;;;
;;;;;;;502;;;;;
;;;;;;;502;;;;;
;;;;;;;502;;;;;
;;;;;;;502;;;;;
;;;;;;;502;;;;;
;;;;;;;502;;;;;
;;;;;;;502;;;;;
;;;;;;;502;;;;;
;;;;;;;502;;;;;
;;;;;;;502;;;;;
;;;;;;;502;;;;;
;;;;;;;502;;;;;
;;;;;;;502;;;;;
;;;;;;;502;;;;;
;;;;;;;502;;;;;
;;;;;;;502;;;;;
;;;;;;;502;;;;;
;;;;;;;502;;;;;
;;;;;;;502;;;;;
;;;;;;;502;;;;;
;;;;;;;502;;;;;
;;;;;;;502;;;;;
;;;;;;;502;;;;;
;;;;;;;502;;;;;
;;;;;;;502;;;;;
;;;;;;;502;;;;;
;;;;;;;502;;;;;
;;;;;;;502;;;;;
;;;;;;;502;;;;;
;;;;;;;502;;;;;
;;;;;;;502;;;;;
;;;;;;;502;;;;;
;;;;;;;502;;;;;
;;;;;;;502;;;;;
;;;;;;;502;;;;;
;;;;;;;502;;;;;
;;;;;;;502;;;;;
;;;;;;;502;;;;;
;;;;;;;502;;;;;
;;;;;;;502;;;;;
;;;;;;;502;;;;;
;;;;;;;502;;;;;
;;;;;;;502;;;;;
;;;;;;;502;;;;;
;;;;;;;502;;;;;
;;;;;;;502;;;;;
;;;;;;;502;;;;;
;;;;;;;502;;;;;
;;;;;;;502;;;;;
;;;;;;;502;;;;;
;;;;;;;502;;;;;
;;;;;;;502;;;;;
;;;;;;;502;;;;;
;;;;;;;502;;;;;
;;;;;;;502;;;;;
;;;;;;;502;;;;;
;;;;;;;502;;;;;
;;;;;;;502;;;;;
;;;;;;;502;;;;;
;;;;;;;502;;;;;
;;;;;;;502;;;;;
;;;;;;;502;;;;;
;;;;;;;502;;;;;
;;;;;;;502;;;;;
;;;;;;;502;;;;;
;;;;;;;502;;;;;
;;;;;;;502;;;;;
;;;;;;;502;;;;;
;;;;;;;502;;;;;
;;;;;;;502;;;;;
;;;;;;;502;;;;;
;;;;;;;502;;;;;
;;;;;;;502;;;;;
;;;;;;;502;;;;;
;;;;;;;502;;;;;
;;;;;;;502;;;;;
;;;;;;;502;;;;;
;;;;;;;502;;;;;
;;;;;;;502;;;;;
;;;;;;;502;;;;;
;;;;;;;502;;;;;
;;;;;;;502;;;;;
;;;;;;;502;;;;;
;;;;;;;502;;;;;
;;;;;;;502;;;;;
;;;;;;;502;;;;;
;;;;;;;502;;;;;
;;;;;;;502;;;;;
;;;;;;;502;;;;;
;;;;;;;502;;;;;
;;;;;;;502;;;;;
;;;;;;;502;;;;;
;;;;;;;502;;;;;
;;;;;;;502;;;;;
;;;;;;;502;;;;;
;;;;;;;502;;;;;
;;;;;;;502;;;;;
;;;;;;;502;;;;;
;;;;;;;502;;;;;
;;;;;;;502;;;;;
;;;;;;;502;;;;;
;;;;;;;502;;;;;
;;;;;;;502;;;;;
;;;;;;;502;;;;;
;;;;;;;502;;;;;
;;;;;;;502;;;;;
;;;;;;;502;;;;;
;;;;;;;502;;;;;
;;;;;;;502;;;;;
;;;;;;;502;;;;;
;;;;;;;502;;;;;
;;;;;;;502;;;;;
;;;;;;;502;;;;;
;;;;;;;502;;;;;
;;;;;;;502;;;;;
;;;;;;;502;;;;;
;;;;;;;502;;;;;
;;;;;;;502;;;;;
;;;;;;;502;;;;;
;;;;;;;502;;;;;
;;;;;;;502;;;;;
;;;;;;;502;;;;;
;;;;;;;502;;;;;
;;;;;;;502;;;;;
;;;;;;;502;;;;;
;;;;;;;502;;;;;
;;;;;;;502;;;;;
;;;;;;;502;;;;;
;;;;;;;502;;;;;
;;;;;;;502;;;;;
;;;;;;;502;;;;;
;;;;;;;502;;;;;
;;;;;;;502;;;;;
;;;;;;;502;;;;;
;;;;;;;502;;;;;
;;;;;;;502;;;;;
;;;;;;;502;;;;;
;;;;;;;502;;;;;
;;;;;;;502;;;;;
;;;;;;;502;;;;;
;;;;;;;502;;;;;
;;;;;;;502;;;;;
;;;;;;;502;;;;;
;;;;;;;502;;;;;
;;;;;;;502;;;;;
;;;;;;;502;;;;;
;;;;;;;502;;;;;
;;;;;;;502;;;;;
;;;;;;;502;;;;;
;;;;;;;502;;;;;
;;;;;;;502;;;;;
;;;;;;;502;;;;;
;;;;;;;502;;;;;
;;;;;;;502;;;;;
;;;;;;;502;;;;;
;;;;;;;502;;;;;
;;;;;;;502;;;;;
;;;;;;;502;;;;;
;;;;;;;502;;;;;
;;;;;;;502;;;;;
;;;;;;;502;;;;;
;;;;;;;502;;;;;
;;;;;;;502;;;;;
;;;;;;;502;;;;;
;;;;;;;502;;;;;
;;;;;;;502;;;;;
;;;;;;;502;;;;;
;;;;;;;502;;;;;
;;;;;;;502;;;;;
;;;;;;;502;;;;;
;;;;;;;502;;;;;
;;;;;;;502;;;;;
;;;;;;;502;;;;;
;;;;;;;502;;;;;
;;;;;;;502;;;;;
;;;;;;;502;;;;;
;;;;;;;502;;;;;
;;;;;;;502;;;;;
;;;;;;;502;;;;;
;;;;;;;502;;;;;
;;;;;;;502;;;;;
;;;;;;;502;;;;;
;;;;;;;502;;;;;
;;;;;;;502;;;;;
;;;;;;;502;;;;;
;;;;;;;502;;;;;
;;;;;;;502;;;;;
;;;;;;;502;;;;;
;;;;;;;502;;;;;
;;;;;;;502;;;;;
;;;;;;;502;;;;;
;;;;;;;502;;;;;
;;;;;;;502;;;;;
;;;;;;;502;;;;;
;;;;;;;502;;;;;
;;;;;;;502;;;;;
;;;;;;;502;;;;;
;;;;;;;502;;;;;
;;;;;;;502;;;;;
;;;;;;;502;;;;;
;;;;;;;502;;;;;
;;;;;;;502;;;;;
;;;;;;;502;;;;;
;;;;;;;502;;;;;
;;;;;;;502;;;;;
;;;;;;;502;;;;;
;;;;;;;502;;;;;
;;;;;;;502;;;;;
;;;;;;;502;;;;;
;;;;;;;502;;;;;
;;;;;;;502;;;;;
;;;;;;;502;;;;;
;;;;;;;502;;;;;
;;;;;;;502;;;;;
;;;;;;;502;;;;;
;;;;;;;502;;;;;
;;;;;;;502;;;;;
;;;;;;;502;;;;;
;;;;;;;502;;;;;
;;;;;;;502;;;;;
;;;;;;;502;;;;;
;;;;;;;502;;;;;
;;;;;;;502;;;;;
;;;;;;;502;;;;;
;;;;;;;502;;;;;
;;;;;;;502;;;;;
;;;;;;;502;;;;;
;;;;;;;502;;;;;
;;;;;;;502;;;;;
;;;;;;;502;;;;;
;;;;;;;502;;;;;
;;;;;;;502;;;;;
;;;;;;;502;;;;;
;;;;;;;502;;;;;
;;;;;;;502;;;;;
;;;;;;;502;;;;;
;;;;;;;502;;;;;
;;;;;;;502;;;;;
;;;;;;;502;;;;;
;;;;;;;502;;;;;
;;;;;;;502;;;;;
;;;;;;;502;;;;;
;;;;;;;502;;;;;
;;;;;;;502;;;;;
;;;;;;;502;;;;;
;;;;;;;502;;;;;
;;;;;;;502;;;;;
;;;;;;;502;;;;;
;;;;;;;502;;;;;
;;;;;;;502;;;;;
;;;;;;;502;;;;;
;;;;;;;502;;;;;
;;;;;;;502;;;;;
;;;;;;;502;;;;;
;;;;;;;502;;;;;
;;;;;;;502;;;;;
;;;;;;;502;;;;;
;;;;;;;502;;;;;
;;;;;;;502;;;;;
;;;;;;;502;;;;;
;;;;;;;502;;;;;
;;;;;;;502;;;;;
;;;;;;;502;;;;;
;;;;;;;502;;;;;
;;;;;;;502;;;;;
;;;;;;;502;;;;;
;;;;;;;502;;;;;
;;;;;;;502;;;;;
;;;;;;;502;;;;;
;;;;;;;502;;;;;
;;;;;;;502;;;;;
;;;;;;;502;;;;;
;;;;;;;502;;;;;
;;;;;;;502;;;;;
;;;;;;;502;;;;;
;;;;;;;502;;;;;
;;;;;;;502;;;;;
;;;;;;;502;;;;;
;;;;;;;502;;;;;
;;;;;;;502;;;;;
;;;;;;;502;;;;;
;;;;;;;502;;;;;
;;;;;;;502;;;;;
;;;;;;;502;;;;;
;;;;;;;502;;;;;
;;;;;;;502;;;;;
;;;;;;;502;;;;;
;;;;;;;502;;;;;
;;;;;;;502;;;;;
;;;;;;;502;;;;;
;;;;;;;502;;;;;
;;;;;;;502;;;;;
;;;;;;;502;;;;;
;;;;;;;502;;;;;
;;;;;;;502;;;;;
;;;;;;;502;;;;;
;;;;;;;502;;;;;
;;;;;;;502;;;;;
;;;;;;;502;;;;;
;;;;;;;502;;;;;
;;;;;;;502;;;;;
;;;;;;;502;;;;;
;;;;;;;502;;;;;
;;;;;;;502;;;;;
;;;;;;;502;;;;;
;;;;;;;502;;;;;
;;;;;;;502;;;;;
;;;;;;;502;;;;;
;;;;;;;502;;;;;
;;;;;;;502;;;;;
;;;;;;;502;;;;;
;;;;;;;502;;;;;
;;;;;;;502;;;;;
;;;;;;;502;;;;;
;;;;;;;502;;;;;
;;;;;;;502;;;;;
;;;;;;;502;;;;;
;;;;;;;502;;;;;
;;;;;;;502;;;;;
;;;;;;;502;;;;;
;;;;;;;502;;;;;
;;;;;;;502;;;;;
;;;;;;;502;;;;;
;;;;;;;502;;;;;
;;;;;;;502;;;;;
;;;;;;;502;;;;;
;;;;;;;502;;;;;
;;;;;;;502;;;;;
;;;;;;;502;;;;;
;;;;;;;502;;;;;
;;;;;;;502;;;;;
;;;;;;;502;;;;;
;;;;;;;502;;;;;
;;;;;;;502;;;;;
;;;;;;;502;;;;;
;;;;;;;502;;;;;
;;;;;;;502;;;;;
;;;;;;;502;;;;;
;;;;;;;502;;;;;
;;;;;;;502;;;;;
;;;;;;;502;;;;;
;;;;;;;502;;;;;
;;;;;;;502;;;;;
;;;;;;;502;;;;;
;;;;;;;502;;;;;
;;;;;;;502;;;;;
;;;;;;;502;;;;;
;;;;;;;502;;;;;
;;;;;;;502;;;;;
;;;;;;;502;;;;;
;;;;;;;502;;;;;
;;;;;;;502;;;;;
;;;;;;;502;;;;;
;;;;;;;502;;;;;
;;;;;;;502;;;;;
;;;;;;;502;;;;;
;;;;;;;502;;;;;
;;;;;;;502;;;;;
;;;;;;;502;;;;;
;;;;;;;502;;;;;
;;;;;;;502;;;;;
;;;;;;;502;;;;;
;;;;;;;502;;;;;
;;;;;;;502;;;;;
;;;;;;;502;;;;;
;;;;;;;502;;;;;
;;;;;;;502;;;;;
;;;;;;;502;;;;;
;;;;;;;502;;;;;
;;;;;;;502;;;;;
;;;;;;;502;;;;;
;;;;;;;502;;;;;
;;;;;;;502;;;;;
;;;;;;;502;;;;;
;;;;;;;502;;;;;
;;;;;;;502;;;;;
;;;;;;;502;;;;;
;;;;;;;502;;;;;
;;;;;;;502;;;;;
;;;;;;;502;;;;;
;;;;;;;502;;;;;
;;;;;;;502;;;;;
;;;;;;;502;;;;;
;;;;;;;502;;;;;
;;;;;;;502;;;;;
;;;;;;;502;;;;;
;;;;;;;502;;;;;
;;;;;;;502;;;;;
;;;;;;;502;;;;;
;;;;;;;502;;;;;
;;;;;;;502;;;;;
;;;;;;;502;;;;;
;;;;;;;502;;;;;
;;;;;;;502;;;;;
;;;;;;;502;;;;;
;;;;;;;502;;;;;
;;;;;;;502;;;;;
;;;;;;;502;;;;;
;;;;;;;502;;;;;
;;;;;;;502;;;;;
;;;;;;;502;;;;;
;;;;;;;502;;;;;
;;;;;;;502;;;;;
;;;;;;;502;;;;;
;;;;;;;502;;;;;
;;;;;;;502;;;;;
;;;;;;;502;;;;;
;;;;;;;502;;;;;
;;;;;;;502;;;;;
;;;;;;;502;;;;;
;;;;;;;502;;;;;
;;;;;;;502;;;;;
;;;;;;;502;;;;;
;;;;;;;502;;;;;
;;;;;;;502;;;;;
;;;;;;;502;;;;;
;;;;;;;502;;;;;
;;;;;;;502;;;;;
;;;;;;;502;;;;;
;;;;;;;502;;;;;
;;;;;;;502;;;;;
;;;;;;;502;;;;;
;;;;;;;502;;;;;
;;;;;;;502;;;;;
;;;;;;;502;;;;;
;;;;;;;502;;;;;
;;;;;;;502;;;;;
;;;;;;;502;;;;;
;;;;;;;502;;;;;
;;;;;;;502;;;;;
;;;;;;;502;;;;;
;;;;;;;502;;;;;
;;;;;;;502;;;;;
;;;;;;;502;;;;;
;;;;;;;502;;;;;
;;;;;;;502;;;;;
;;;;;;;502;;;;;
;;;;;;;502;;;;;
;;;;;;;502;;;;;
;;;;;;;502;;;;;
;;;;;;;502;;;;;
;;;;;;;502;;;;;
;;;;;;;502;;;;;
;;;;;;;502;;;;;
;;;;;;;502;;;;;
;;;;;;;502;;;;;
;;;;;;;502;;;;;
;;;;;;;502;;;;;
;;;;;;;502;;;;;
;;;;;;;502;;;;;
;;;;;;;502;;;;;
;;;;;;;502;;;;;
;;;;;;;502;;;;;
;;;;;;;502;;;;;
;;;;;;;502;;;;;
;;;;;;;502;;;;;
;;;;;;;502;;;;;
;;;;;;;502;;;;;
;;;;;;;502;;;;;
;;;;;;;502;;;;;
;;;;;;;502;;;;;
;;;;;;;502;;;;;
;;;;;;;502;;;;;
;;;;;;;502;;;;;
;;;;;;;502;;;;;
;;;;;;;502;;;;;
;;;;;;;502;;;;;
;;;;;;;502;;;;;
;;;;;;;502;;;;;
;;;;;;;502;;;;;
;;;;;;;502;;;;;
;;;;;;;502;;;;;
;;;;;;;502;;;;;
;;;;;;;502;;;;;
;;;;;;;502;;;;;
;;;;;;;502;;;;;
;;;;;;;502;;;;;
;;;;;;;502;;;;;
;;;;;;;502;;;;;
;;;;;;;502;;;;;
;;;;;;;502;;;;;
;;;;;;;502;;;;;
;;;;;;;502;;;;;
;;;;;;;502;;;;;
;;;;;;;502;;;;;
;;;;;;;502;;;;;
;;;;;;;502;;;;;
;;;;;;;502;;;;;
;;;;;;;502;;;;;
;;;;;;;502;;;;;
;;;;;;;502;;;;;
;;;;;;;502;;;;;
;;;;;;;502;;;;;
;;;;;;;502;;;;;
;;;;;;;502;;;;;
;;;;;;;502;;;;;
;;;;;;;502;;;;;
;;;;;;;502;;;;;
;;;;;;;502;;;;;
;;;;;;;502;;;;;
;;;;;;;502;;;;;
;;;;;;;502;;;;;
;;;;;;;502;;;;;
;;;;;;;502;;;;;
;;;;;;;502;;;;;
;;;;;;;502;;;;;
;;;;;;;502;;;;;
;;;;;;;502;;;;;
;;;;;;;502;;;;;
;;;;;;;502;;;;;
;;;;;;;502;;;;;
;;;;;;;502;;;;;
;;;;;;;502;;;;;
;;;;;;;502;;;;;
;;;;;;;502;;;;;
;;;;;;;502;;;;;
;;;;;;;502;;;;;
;;;;;;;502;;;;;
;;;;;;;502;;;;;
;;;;;;;502;;;;;
;;;;;;;502;;;;;
;;;;;;;502;;;;;
;;;;;;;502;;;;;
;;;;;;;502;;;;;
;;;;;;;502;;;;;
;;;;;;;502;;;;;
;;;;;;;502;;;;;
;;;;;;;502;;;;;
;;;;;;;502;;;;;
;;;;;;;502;;;;;
;;;;;;;502;;;;;
;;;;;;;502;;;;;
;;;;;;;502;;;;;
;;;;;;;502;;;;;
;;;;;;;502;;;;;
;;;;;;;502;;;;;
;;;;;;;502;;;;;
;;;;;;;502;;;;;
;;;;;;;502;;;;;
;;;;;;;502;;;;;
;;;;;;;502;;;;;
;;;;;;;502;;;;;
;;;;;;;502;;;;;
;;;;;;;502;;;;;
;;;;;;;502;;;;;
;;;;;;;502;;;;;
;;;;;;;502;;;;;
;;;;;;;502;;;;;
;;;;;;;502;;;;;
;;;;;;;502;;;;;
;;;;;;;502;;;;;
;;;;;;;502;;;;;
;;;;;;;502;;;;;
;;;;;;;502;;;;;
;;;;;;;502;;;;;
;;;;;;;502;;;;;
;;;;;;;502;;;;;
;;;;;;;502;;;;;
;;;;;;;502;;;;;
;;;;;;;502;;;;;
;;;;;;;502;;;;;
;;;;;;;502;;;;;
;;;;;;;502;;;;;
;;;;;;;502;;;;;
;;;;;;;502;;;;;
;;;;;;;502;;;;;
;;;;;;;502;;;;;
;;;;;;;502;;;;;
;;;;;;;502;;;;;
;;;;;;;502;;;;;
;;;;;;;502;;;;;
;;;;;;;502;;;;;
;;;;;;;502;;;;;
;;;;;;;502;;;;;
;;;;;;;502;;;;;
;;;;;;;502;;;;;
;;;;;;;502;;;;;
;;;;;;;502;;;;;
;;;;;;;502;;;;;
;;;;;;;502;;;;;
;;;;;;;502;;;;;
;;;;;;;502;;;;;
;;;;;;;502;;;;;
;;;;;;;502;;;;;
;;;;;;;502;;;;;
;;;;;;;502;;;;;
;;;;;;;502;;;;;
;;;;;;;502;;;;;
;;;;;;;502;;;;;
;;;;;;;502;;;;;
;;;;;;;502;;;;;
;;;;;;;502;;;;;
;;;;;;;502;;;;;
;;;;;;;502;;;;;
;;;;;;;502;;;;;
;;;;;;;502;;;;;
;;;;;;;502;;;;;
;;;;;;;502;;;;;
;;;;;;;502;;;;;
;;;;;;;502;;;;;
;;;;;;;502;;;;;
;;;;;;;502;;;;;
;;;;;;;502;;;;;
;;;;;;;502;;;;;
;;;;;;;502;;;;;
;;;;;;;502;;;;;
;;;;;;;502;;;;;
;;;;;;;502;;;;;
;;;;;;;502;;;;;
;;;;;;;502;;;;;
;;;;;;;502;;;;;
;;;;;;;502;;;;;
;;;;;;;502;;;;;
;;;;;;;502;;;;;
;;;;;;;502;;;;;
;;;;;;;502;;;;;
;;;;;;;502;;;;;
;;;;;;;502;;;;;
;;;;;;;502;;;;;
;;;;;;;502;;;;;
;;;;;;;502;;;;;
;;;;;;;502;;;;;
;;;;;;;502;;;;;
;;;;;;;502;;;;;
;;;;;;;502;;;;;
;;;;;;;502;;;;;
;;;;;;;502;;;;;
;;;;;;;502;;;;;
;;;;;;;502;;;;;
;;;;;;;502;;;;;
;;;;;;;502;;;;;
;;;;;;;502;;;;;
;;;;;;;502;;;;;
;;;;;;;502;;;;;
;;;;;;;502;;;;;
;;;;;;;502;;;;;
;;;;;;;502;;;;;
;;;;;;;502;;;;;
;;;;;;;502;;;;;
;;;;;;;502;;;;;
;;;;;;;502;;;;;
;;;;;;;502;;;;;
;;;;;;;502;;;;;
;;;;;;;502;;;;;
;;;;;;;502;;;;;
;;;;;;;502;;;;;
;;;;;;;502;;;;;
;;;;;;;502;;;;;
;;;;;;;502;;;;;
;;;;;;;502;;;;;
;;;;;;;502;;;;;
;;;;;;;502;;;;;
;;;;;;;502;;;;;
;;;;;;;502;;;;;
;;;;;;;502;;;;;
;;;;;;;502;;;;;
;;;;;;;502;;;;;
;;;;;;;502;;;;;
;;;;;;;502;;;;;
;;;;;;;502;;;;;
;;;;;;;502;;;;;
;;;;;;;502;;;;;
;;;;;;;502;;;;;
;;;;;;;502;;;;;
;;;;;;;502;;;;;
;;;;;;;502;;;;;
;;;;;;;502;;;;;
;;;;;;;502;;;;;
;;;;;;;502;;;;;
;;;;;;;502;;;;;
;;;;;;;502;;;;;
;;;;;;;502;;;;;
;;;;;;;502;;;;;
;;;;;;;502;;;;;
;;;;;;;502;;;;;
;;;;;;;502;;;;;
;;;;;;;502;;;;;
;;;;;;;502;;;;;
;;;;;;;502;;;;;
;;;;;;;502;;;;;
;;;;;;;502;;;;;
;;;;;;;502;;;;;
;;;;;;;502;;;;;
;;;;;;;502;;;;;
;;;;;;;502;;;;;
;;;;;;;502;;;;;
;;;;;;;502;;;;;
;;;;;;;502;;;;;
;;;;;;;502;;;;;
;;;;;;;502;;;;;
;;;;;;;502;;;;;
;;;;;;;502;;;;;
;;;;;;;502;;;;;
;;;;;;;502;;;;;
;;;;;;;502;;;;;
;;;;;;;502;;;;;
;;;;;;;502;;;;;
;;;;;;;502;;;;;
;;;;;;;502;;;;;
;;;;;;;502;;;;;
;;;;;;;502;;;;;
;;;;;;;502;;;;;
;;;;;;;502;;;;;
;;;;;;;502;;;;;
;;;;;;;502;;;;;
;;;;;;;502;;;;;
;;;;;;;502;;;;;
;;;;;;;502;;;;;
;;;;;;;502;;;;;
;;;;;;;502;;;;;
;;;;;;;502;;;;;
;;;;;;;502;;;;;
;;;;;;;502;;;;;
;;;;;;;502;;;;;
;;;;;;;502;;;;;
;;;;;;;502;;;;;
;;;;;;;502;;;;;
;;;;;;;502;;;;;
;;;;;;;502;;;;;
;;;;;;;502;;;;;
;;;;;;;502;;;;;
;;;;;;;502;;;;;
;;;;;;;502;;;;;
;;;;;;;502;;;;;
;;;;;;;502;;;;;
;;;;;;;502;;;;;
;;;;;;;502;;;;;
;;;;;;;502;;;;;
;;;;;;;502;;;;;
;;;;;;;502;;;;;
;;;;;;;502;;;;;
;;;;;;;502;;;;;
;;;;;;;502;;;;;
;;;;;;;502;;;;;
;;;;;;;502;;;;;
;;;;;;;502;;;;;
;;;;;;;502;;;;;
;;;;;;;502;;;;;
;;;;;;;502;;;;;
;;;;;;;502;;;;;
;;;;;;;502;;;;;
;;;;;;;502;;;;;
;;;;;;;502;;;;;
;;;;;;;502;;;;;
;;;;;;;502;;;;;
;;;;;;;502;;;;;
;;;;;;;502;;;;;
;;;;;;;502;;;;;
;;;;;;;502;;;;;
;;;;;;;502;;;;;
;;;;;;;502;;;;;
;;;;;;;502;;;;;
;;;;;;;502;;;;;
;;;;;;;502;;;;;
;;;;;;;502;;;;;
;;;;;;;502;;;;;
;;;;;;;502;;;;;
;;;;;;;502;;;;;
;;;;;;;502;;;;;
;;;;;;;502;;;;;
;;;;;;;502;;;;;
;;;;;;;502;;;;;
;;;;;;;502;;;;;
;;;;;;;502;;;;;
;;;;;;;502;;;;;
;;;;;;;502;;;;;
;;;;;;;502;;;;;
;;;;;;;502;;;;;
;;;;;;;502;;;;;
;;;;;;;502;;;;;
;;;;;;;502;;;;;
;;;;;;;502;;;;;
;;;;;;;502;;;;;
;;;;;;;502;;;;;
;;;;;;;502;;;;;
;;;;;;;502;;;;;
;;;;;;;502;;;;;
;;;;;;;502;;;;;
;;;;;;;502;;;;;
;;;;;;;502;;;;;
;;;;;;;502;;;;;
;;;;;;;502;;;;;
;;;;;;;502;;;;;
;;;;;;;502;;;;;
;;;;;;;502;;;;;
;;;;;;;502;;;;;
;;;;;;;502;;;;;
;;;;;;;502;;;;;
;;;;;;;502;;;;;
;;;;;;;502;;;;;
;;;;;;;502;;;;;
;;;;;;;502;;;;;
;;;;;;;502;;;;;
;;;;;;;502;;;;;
;;;;;;;502;;;;;
;;;;;;;502;;;;;
;;;;;;;502;;;;;
;;;;;;;502;;;;;
;;;;;;;502;;;;;
;;;;;;;502;;;;;
;;;;;;;502;;;;;
;;;;;;;502;;;;;
;;;;;;;502;;;;;
;;;;;;;502;;;;;
;;;;;;;502;;;;;
;;;;;;;502;;;;;
;;;;;;;502;;;;;
;;;;;;;502;;;;;
;;;;;;;502;;;;;
;;;;;;;502;;;;;
;;;;;;;502;;;;;
;;;;;;;502;;;;;
;;;;;;;502;;;;;
;;;;;;;502;;;;;
;;;;;;;502;;;;;
;;;;;;;502;;;;;
;;;;;;;502;;;;;
;;;;;;;502;;;;;
;;;;;;;502;;;;;
;;;;;;;502;;;;;
;;;;;;;502;;;;;
;;;;;;;502;;;;;
;;;;;;;502;;;;;
;;;;;;;502;;;;;
;;;;;;;502;;;;;
;;;;;;;502;;;;;
;;;;;;;502;;;;;
;;;;;;;502;;;;;
;;;;;;;502;;;;;
;;;;;;;502;;;;;
;;;;;;;502;;;;;
;;;;;;;502;;;;;
;;;;;;;502;;;;;
;;;;;;;502;;;;;
;;;;;;;502;;;;;
;;;;;;;502;;;;;
;;;;;;;502;;;;;
;;;;;;;502;;;;;
;;;;;;;502;;;;;
;;;;;;;502;;;;;
;;;;;;;502;;;;;
;;;;;;;502;;;;;
;;;;;;;502;;;;;
;;;;;;;502;;;;;
;;;;;;;502;;;;;
;;;;;;;502;;;;;
;;;;;;;502;;;;;
;;;;;;;502;;;;;
;;;;;;;502;;;;;
;;;;;;;502;;;;;
;;;;;;;502;;;;;
;;;;;;;502;;;;;
;;;;;;;502;;;;;
;;;;;;;502;;;;;
;;;;;;;502;;;;;
;;;;;;;502;;;;;
;;;;;;;502;;;;;
;;;;;;;502;;;;;
;;;;;;;502;;;;;
;;;;;;;502;;;;;
;;;;;;;502;;;;;
;;;;;;;502;;;;;
;;;;;;;502;;;;;
;;;;;;;502;;;;;
;;;;;;;502;;;;;
;;;;;;;502;;;;;
;;;;;;;502;;;;;
;;;;;;;502;;;;;
;;;;;;;502;;;;;
;;;;;;;502;;;;;
;;;;;;;502;;;;;
;;;;;;;502;;;;;
;;;;;;;502;;;;;
;;;;;;;502;;;;;
;;;;;;;502;;;;;
;;;;;;;502;;;;;
;;;;;;;502;;;;;
;;;;;;;502;;;;;
;;;;;;;502;;;;;
;;;;;;;502;;;;;
;;;;;;;502;;;;;
;;;;;;;502;;;;;
;;;;;;;502;;;;;
;;;;;;;502;;;;;
;;;;;;;502;;;;;
;;;;;;;502;;;;;
;;;;;;;502;;;;;
;;;;;;;502;;;;;
;;;;;;;502;;;;;
;;;;;;;502;;;;;
;;;;;;;502;;;;;
;;;;;;;502;;;;;
;;;;;;;502;;;;;
;;;;;;;502;;;;;
;;;;;;;502;;;;;
;;;;;;;502;;;;;
;;;;;;;502;;;;;
;;;;;;;502;;;;;
;;;;;;;502;;;;;
;;;;;;;502;;;;;
;;;;;;;502;;;;;
;;;;;;;502;;;;;
;;;;;;;502;;;;;
;;;;;;;502;;;;;
;;;;;;;502;;;;;
;;;;;;;502;;;;;
;;;;;;;502;;;;;
;;;;;;;502;;;;;
;;;;;;;502;;;;;
;;;;;;;502;;;;;
;;;;;;;502;;;;;
;;;;;;;502;;;;;
;;;;;;;502;;;;;
;;;;;;;502;;;;;
;;;;;;;502;;;;;
;;;;;;;502;;;;;
;;;;;;;502;;;;;
;;;;;;;502;;;;;
;;;;;;;502;;;;;
;;;;;;;502;;;;;
;;;;;;;502;;;;;
;;;;;;;502;;;;;
;;;;;;;502;;;;;
;;;;;;;502;;;;;
;;;;;;;502;;;;;
;;;;;;;502;;;;;
;;;;;;;502;;;;;
;;;;;;;502;;;;;
;;;;;;;502;;;;;
;;;;;;;502;;;;;
;;;;;;;502;;;;;
;;;;;;;502;;;;;
;;;;;;;502;;;;;
;;;;;;;502;;;;;
;;;;;;;502;;;;;
;;;;;;;502;;;;;
;;;;;;;502;;;;;
;;;;;;;502;;;;;
;;;;;;;502;;;;;
;;;;;;;502;;;;;
;;;;;;;502;;;;;
;;;;;;;502;;;;;
;;;;;;;502;;;;;
;;;;;;;502;;;;;
;;;;;;;502;;;;;
;;;;;;;502;;;;;
;;;;;;;502;;;;;
;;;;;;;502;;;;;
;;;;;;;502;;;;;
;;;;;;;502;;;;;
;;;;;;;502;;;;;
;;;;;;;502;;;;;
;;;;;;;502;;;;;
;;;;;;;502;;;;;
;;;;;;;502;;;;;
;;;;;;;502;;;;;
;;;;;;;502;;;;;
;;;;;;;502;;;;;
;;;;;;;502;;;;;
;;;;;;;502;;;;;
;;;;;;;502;;;;;
;;;;;;;502;;;;;
;;;;;;;502;;;;;
;;;;;;;502;;;;;
;;;;;;;502;;;;;
;;;;;;;502;;;;;
;;;;;;;502;;;;;
;;;;;;;502;;;;;
;;;;;;;502;;;;;
;;;;;;;502;;;;;
;;;;;;;502;;;;;
;;;;;;;502;;;;;
;;;;;;;502;;;;;
;;;;;;;502;;;;;
;;;;;;;502;;;;;
;;;;;;;502;;;;;
;;;;;;;502;;;;;
;;;;;;;502;;;;;
;;;;;;;502;;;;;
;;;;;;;502;;;;;
;;;;;;;502;;;;;
;;;;;;;502;;;;;
;;;;;;;502;;;;;
;;;;;;;502;;;;;
;;;;;;;502;;;;;
;;;;;;;502;;;;;
;;;;;;;502;;;;;
;;;;;;;502;;;;;
;;;;;;;502;;;;;
;;;;;;;502;;;;;
;;;;;;;502;;;;;
;;;;;;;502;;;;;
;;;;;;;502;;;;;
;;;;;;;502;;;;;
;;;;;;;502;;;;;
;;;;;;;502;;;;;
;;;;;;;502;;;;;
;;;;;;;502;;;;;
;;;;;;;502;;;;;
;;;;;;;502;;;;;
;;;;;;;502;;;;;
;;;;;;;502;;;;;
;;;;;;;502;;;;;
;;;;;;;502;;;;;
;;;;;;;502;;;;;
;;;;;;;502;;;;;
;;;;;;;502;;;;;
;;;;;;;502;;;;;
;;;;;;;502;;;;;
;;;;;;;502;;;;;
;;;;;;;502;;;;;
;;;;;;;502;;;;;
;;;;;;;502;;;;;
;;;;;;;502;;;;;
;;;;;;;502;;;;;
;;;;;;;502;;;;;
;;;;;;;502;;;;;
;;;;;;;502;;;;;
;;;;;;;502;;;;;
;;;;;;;502;;;;;
;;;;;;;502;;;;;
;;;;;;;502;;;;;
;;;;;;;502;;;;;
;;;;;;;502;;;;;
;;;;;;;502;;;;;
;;;;;;;502;;;;;
;;;;;;;502;;;;;
;;;;;;;502;;;;;
;;;;;;;502;;;;;
;;;;;;;502;;;;;
;;;;;;;502;;;;;
;;;;;;;502;;;;;
;;;;;;;502;;;;;
;;;;;;;502;;;;;
;;;;;;;502;;;;;
;;;;;;;502;;;;;
;;;;;;;502;;;;;
;;;;;;;502;;;;;
;;;;;;;502;;;;;
;;;;;;;502;;;;;
;;;;;;;502;;;;;
;;;;;;;502;;;;;
;;;;;;;502;;;;;
;;;;;;;502;;;;;
;;;;;;;502;;;;;
;;;;;;;502;;;;;
;;;;;;;502;;;;;
;;;;;;;502;;;;;
;;;;;;;502;;;;;
;;;;;;;502;;;;;
;;;;;;;502;;;;;
;;;;;;;502;;;;;
;;;;;;;502;;;;;
;;;;;;;502;;;;;
;;;;;;;502;;;;;
;;;;;;;502;;;;;
;;;;;;;502;;;;;
;;;;;;;502;;;;;
;;;;;;;502;;;;;
;;;;;;;502;;;;;
;;;;;;;502;;;;;
;;;;;;;502;;;;;
;;;;;;;502;;;;;
;;;;;;;502;;;;;
;;;;;;;502;;;;;
;;;;;;;502;;;;;
;;;;;;;502;;;;;
;;;;;;;502;;;;;
;;;;;;;502;;;;;
;;;;;;;502;;;;;
;;;;;;;502;;;;;
;;;;;;;502;;;;;
;;;;;;;502;;;;;
;;;;;;;502;;;;;
;;;;;;;502;;;;;
;;;;;;;502;;;;;
;;;;;;;502;;;;;
;;;;;;;502;;;;;
;;;;;;;502;;;;;
;;;;;;;502;;;;;
;;;;;;;502;;;;;
;;;;;;;502;;;;;
;;;;;;;502;;;;;
;;;;;;;502;;;;;
;;;;;;;502;;;;;
;;;;;;;502;;;;;
;;;;;;;502;;;;;
;;;;;;;502;;;;;
;;;;;;;502;;;;;
;;;;;;;502;;;;;
;;;;;;;502;;;;;
;;;;;;;502;;;;;
;;;;;;;502;;;;;
;;;;;;;502;;;;;
;;;;;;;502;;;;;
;;;;;;;502;;;;;
;;;;;;;502;;;;;
;;;;;;;502;;;;;
;;;;;;;502;;;;;
;;;;;;;502;;;;;
;;;;;;;502;;;;;
;;;;;;;502;;;;;
;;;;;;;502;;;;;
;;;;;;;502;;;;;
;;;;;;;502;;;;;
;;;;;;;502;;;;;
;;;;;;;502;;;;;
;;;;;;;502;;;;;
;;;;;;;502;;;;;
;;;;;;;502;;;;;
;;;;;;;502;;;;;
;;;;;;;502;;;;;
;;;;;;;502;;;;;
;;;;;;;502;;;;;
;;;;;;;502;;;;;
;;;;;;;502;;;;;
;;;;;;;502;;;;;
;;;;;;;502;;;;;
;;;;;;;502;;;;;
;;;;;;;502;;;;;
;;;;;;;502;;;;;
;;;;;;;502;;;;;
;;;;;;;502;;;;;
;;;;;;;502;;;;;
;;;;;;;502;;;;;
;;;;;;;502;;;;;
;;;;;;;502;;;;;
;;;;;;;502;;;;;
;;;;;;;502;;;;;
;;;;;;;502;;;;;
;;;;;;;502;;;;;
;;;;;;;502;;;;;
;;;;;;;502;;;;;
;;;;;;;502;;;;;
;;;;;;;502;;;;;
;;;;;;;502;;;;;
;;;;;;;502;;;;;
;;;;;;;502;;;;;
;;;;;;;502;;;;;
;;;;;;;502;;;;;
;;;;;;;502;;;;;
;;;;;;;502;;;;;
;;;;;;;502;;;;;
;;;;;;;502;;;;;
;;;;;;;502;;;;;
;;;;;;;502;;;;;
;;;;;;;502;;;;;
;;;;;;;502;;;;;
;;;;;;;502;;;;;
;;;;;;;502;;;;;
;;;;;;;502;;;;;
;;;;;;;502;;;;;
;;;;;;;502;;;;;
;;;;;;;502;;;;;
;;;;;;;502;;;;;
;;;;;;;502;;;;;
;;;;;;;502;;;;;
;;;;;;;502;;;;;
;;;;;;;502;;;;;
;;;;;;;502;;;;;
;;;;;;;502;;;;;
;;;;;;;502;;;;;
;;;;;;;502;;;;;
;;;;;;;502;;;;;
;;;;;;;502;;;;;
;;;;;;;502;;;;;
;;;;;;;502;;;;;
;;;;;;;502;;;;;
;;;;;;;502;;;;;
;;;;;;;502;;;;;
;;;;;;;502;;;;;
;;;;;;;502;;;;;
;;;;;;;502;;;;;
;;;;;;;502;;;;;
;;;;;;;502;;;;;
;;;;;;;502;;;;;
;;;;;;;502;;;;;
;;;;;;;502;;;;;
;;;;;;;502;;;;;
;;;;;;;502;;;;;
;;;;;;;502;;;;;
;;;;;;;502;;;;;
;;;;;;;502;;;;;
;;;;;;;502;;;;;
;;;;;;;502;;;;;
;;;;;;;502;;;;;
;;;;;;;502;;;;;
;;;;;;;502;;;;;
;;;;;;;502;;;;;
;;;;;;;502;;;;;
;;;;;;;502;;;;;
;;;;;;;502;;;;;
;;;;;;;502;;;;;
;;;;;;;502;;;;;
;;;;;;;502;;;;;
;;;;;;;502;;;;;
;;;;;;;502;;;;;
;;;;;;;502;;;;;
;;;;;;;502;;;;;
;;;;;;;502;;;;;
;;;;;;;502;;;;;
;;;;;;;502;;;;;
;;;;;;;502;;;;;
;;;;;;;502;;;;;
;;;;;;;502;;;;;
;;;;;;;502;;;;;
;;;;;;;502;;;;;
;;;;;;;502;;;;;
;;;;;;;502;;;;;
;;;;;;;502;;;;;
;;;;;;;502;;;;;
;;;;;;;502;;;;;
;;;;;;;502;;;;;
;;;;;;;502;;;;;
;;;;;;;502;;;;;
;;;;;;;502;;;;;
;;;;;;;502;;;;;
;;;;;;;502;;;;;
;;;;;;;502;;;;;
;;;;;;;502;;;;;
;;;;;;;502;;;;;
;;;;;;;502;;;;;
;;;;;;;502;;;;;
;;;;;;;502;;;;;
;;;;;;;502;;;;;
;;;;;;;502;;;;;
;;;;;;;502;;;;;
;;;;;;;502;;;;;
;;;;;;;502;;;;;
;;;;;;;502;;;;;
;;;;;;;502;;;;;
;;;;;;;502;;;;;
;;;;;;;502;;;;;
;;;;;;;502;;;;;
;;;;;;;502;;;;;
;;;;;;;502;;;;;
;;;;;;;502;;;;;
;;;;;;;502;;;;;
;;;;;;;502;;;;;
;;;;;;;502;;;;;
;;;;;;;502;;;;;
;;;;;;;502;;;;;
;;;;;;;502;;;;;
;;;;;;;502;;;;;
;;;;;;;502;;;;;
;;;;;;;502;;;;;
;;;;;;;502;;;;;
;;;;;;;502;;;;;
;;;;;;;502;;;;;
;;;;;;;502;;;;;
;;;;;;;502;;;;;
;;;;;;;502;;;;;
;;;;;;;502;;;;;
;;;;;;;502;;;;;
;;;;;;;502;;;;;
;;;;;;;502;;;;;
;;;;;;;502;;;;;
;;;;;;;502;;;;;
;;;;;;;502;;;;;
;;;;;;;502;;;;;
;;;;;;;502;;;;;
;;;;;;;502;;;;;
;;;;;;;502;;;;;
;;;;;;;502;;;;;
;;;;;;;502;;;;;
;;;;;;;502;;;;;
;;;;;;;502;;;;;
;;;;;;;502;;;;;
;;;;;;;502;;;;;
;;;;;;;502;;;;;
;;;;;;;502;;;;;
;;;;;;;502;;;;;
;;;;;;;502;;;;;
;;;;;;;502;;;;;
;;;;;;;502;;;;;
;;;;;;;502;;;;;
;;;;;;;502;;;;;
;;;;;;;502;;;;;
;;;;;;;502;;;;;
;;;;;;;502;;;;;
;;;;;;;502;;;;;
;;;;;;;502;;;;;
;;;;;;;502;;;;;
;;;;;;;502;;;;;
;;;;;;;502;;;;;
;;;;;;;502;;;;;
;;;;;;;502;;;;;
;;;;;;;502;;;;;
;;;;;;;502;;;;;
;;;;;;;502;;;;;
;;;;;;;502;;;;;
;;;;;;;502;;;;;
;;;;;;;502;;;;;
;;;;;;;502;;;;;
;;;;;;;502;;;;;
;;;;;;;502;;;;;
;;;;;;;502;;;;;
;;;;;;;502;;;;;
;;;;;;;502;;;;;
;;;;;;;502;;;;;
;;;;;;;502;;;;;
;;;;;;;502;;;;;
;;;;;;;502;;;;;
;;;;;;;502;;;;;
;;;;;;;502;;;;;
;;;;;;;502;;;;;
;;;;;;;502;;;;;
;;;;;;;502;;;;;
;;;;;;;502;;;;;
;;;;;;;502;;;;;
;;;;;;;502;;;;;
;;;;;;;502;;;;;
;;;;;;;502;;;;;
;;;;;;;502;;;;;
;;;;;;;502;;;;;
;;;;;;;502;;;;;
;;;;;;;502;;;;;
;;;;;;;502;;;;;
;;;;;;;502;;;;;
;;;;;;;502;;;;;
;;;;;;;502;;;;;
;;;;;;;502;;;;;
;;;;;;;502;;;;;
;;;;;;;502;;;;;
;;;;;;;502;;;;;
;;;;;;;502;;;;;
;;;;;;;502;;;;;
;;;;;;;502;;;;;
;;;;;;;502;;;;;
;;;;;;;502;;;;;
;;;;;;;502;;;;;
;;;;;;;502;;;;;
;;;;;;;502;;;;;
;;;;;;;502;;;;;
;;;;;;;502;;;;;
;;;;;;;502;;;;;
;;;;;;;502;;;;;
;;;;;;;502;;;;;
;;;;;;;502;;;;;
;;;;;;;502;;;;;
;;;;;;;502;;;;;
;;;;;;;502;;;;;
;;;;;;;502;;;;;
;;;;;;;502;;;;;
;;;;;;;502;;;;;
;;;;;;;502;;;;;
;;;;;;;502;;;;;
;;;;;;;502;;;;;
;;;;;;;502;;;;;
;;;;;;;502;;;;;
;;;;;;;502;;;;;
;;;;;;;502;;;;;
;;;;;;;502;;;;;
;;;;;;;502;;;;;
;;;;;;;502;;;;;
;;;;;;;502;;;;;
;;;;;;;502;;;;;
;;;;;;;502;;;;;
;;;;;;;502;;;;;
;;;;;;;502;;;;;
;;;;;;;502;;;;;
;;;;;;;502;;;;;
;;;;;;;502;;;;;
;;;;;;;502;;;;;
;;;;;;;502;;;;;
;;;;;;;502;;;;;
;;;;;;;502;;;;;
;;;;;;;502;;;;;
;;;;;;;502;;;;;
;;;;;;;502;;;;;
;;;;;;;502;;;;;
;;;;;;;502;;;;;
;;;;;;;502;;;;;
;;;;;;;502;;;;;
;;;;;;;502;;;;;
;;;;;;;502;;;;;
;;;;;;;502;;;;;
;;;;;;;502;;;;;
;;;;;;;502;;;;;
;;;;;;;502;;;;;
;;;;;;;502;;;;;
;;;;;;;502;;;;;
;;;;;;;502;;;;;
;;;;;;;502;;;;;
;;;;;;;502;;;;;
;;;;;;;502;;;;;
;;;;;;;502;;;;;
;;;;;;;502;;;;;
;;;;;;;502;;;;;
;;;;;;;502;;;;;
;;;;;;;502;;;;;
;;;;;;;502;;;;;
;;;;;;;502;;;;;
;;;;;;;502;;;;;
;;;;;;;502;;;;;
;;;;;;;502;;;;;
;;;;;;;502;;;;;
;;;;;;;502;;;;;
;;;;;;;502;;;;;
;;;;;;;502;;;;;
;;;;;;;502;;;;;
;;;;;;;502;;;;;
;;;;;;;502;;;;;
;;;;;;;502;;;;;
;;;;;;;502;;;;;
;;;;;;;502;;;;;
;;;;;;;502;;;;;
;;;;;;;502;;;;;
;;;;;;;502;;;;;
;;;;;;;502;;;;;
;;;;;;;502;;;;;
;;;;;;;502;;;;;
;;;;;;;502;;;;;
;;;;;;;502;;;;;
;;;;;;;502;;;;;
;;;;;;;502;;;;;
;;;;;;;502;;;;;
;;;;;;;502;;;;;
;;;;;;;502;;;;;
;;;;;;;502;;;;;
;;;;;;;502;;;;;
;;;;;;;502;;;;;
;;;;;;;502;;;;;
;;;;;;;502;;;;;
;;;;;;;502;;;;;
;;;;;;;502;;;;;
;;;;;;;502;;;;;
;;;;;;;502;;;;;
;;;;;;;502;;;;;
;;;;;;;502;;;;;
;;;;;;;502;;;;;
;;;;;;;502;;;;;
;;;;;;;502;;;;;
;;;;;;;502;;;;;
;;;;;;;502;;;;;
;;;;;;;502;;;;;
;;;;;;;502;;;;;
;;;;;;;502;;;;;
;;;;;;;502;;;;;
;;;;;;;502;;;;;
;;;;;;;502;;;;;
;;;;;;;502;;;;;
;;;;;;;502;;;;;
;;;;;;;502;;;;;
;;;;;;;502;;;;;
;;;;;;;502;;;;;
;;;;;;;502;;;;;
;;;;;;;502;;;;;
;;;;;;;502;;;;;
;;;;;;;502;;;;;
;;;;;;;502;;;;;
;;;;;;;502;;;;;
;;;;;;;502;;;;;
;;;;;;;502;;;;;
;;;;;;;502;;;;;
;;;;;;;502;;;;;
;;;;;;;502;;;;;
;;;;;;;502;;;;;
;;;;;;;502;;;;;
;;;;;;;502;;;;;
;;;;;;;502;;;;;
;;;;;;;502;;;;;
;;;;;;;502;;;;;
;;;;;;;502;;;;;
;;;;;;;502;;;;;
;;;;;;;502;;;;;
;;;;;;;502;;;;;
;;;;;;;502;;;;;
;;;;;;;502;;;;;
;;;;;;;502;;;;;
;;;;;;;502;;;;;
;;;;;;;502;;;;;
;;;;;;;502;;;;;
;;;;;;;502;;;;;
;;;;;;;502;;;;;
;;;;;;;502;;;;;
;;;;;;;502;;;;;
;;;;;;;502;;;;;
;;;;;;;502;;;;;
;;;;;;;502;;;;;
;;;;;;;502;;;;;
;;;;;;;502;;;;;
;;;;;;;502;;;;;
;;;;;;;502;;;;;
;;;;;;;502;;;;;
;;;;;;;502;;;;;
;;;;;;;502;;;;;
;;;;;;;502;;;;;
;;;;;;;502;;;;;
;;;;;;;502;;;;;
;;;;;;;502;;;;;
;;;;;;;502;;;;;
;;;;;;;502;;;;;
;;;;;;;502;;;;;
;;;;;;;502;;;;;
;;;;;;;502;;;;;
;;;;;;;502;;;;;
;;;;;;;502;;;;;
;;;;;;;502;;;;;
;;;;;;;502;;;;;
;;;;;;;502;;;;;
;;;;;;;502;;;;;
;;;;;;;502;;;;;
;;;;;;;502;;;;;
;;;;;;;502;;;;;
;;;;;;;502;;;;;
;;;;;;;502;;;;;
;;;;;;;502;;;;;
;;;;;;;502;;;;;
;;;;;;;502;;;;;
;;;;;;;502;;;;;
;;;;;;;502;;;;;
;;;;;;;502;;;;;
;;;;;;;502;;;;;
;;;;;;;502;;;;;
;;;;;;;502;;;;;
;;;;;;;502;;;;;
;;;;;;;502;;;;;
;;;;;;;502;;;;;
;;;;;;;502;;;;;
;;;;;;;502;;;;;
;;;;;;;502;;;;;
;;;;;;;502;;;;;
;;;;;;;502;;;;;
;;;;;;;502;;;;;
;;;;;;;502;;;;;
;;;;;;;502;;;;;
;;;;;;;502;;;;;
;;;;;;;502;;;;;
;;;;;;;502;;;;;
;;;;;;;502;;;;;
;;;;;;;502;;;;;
;;;;;;;502;;;;;
;;;;;;;502;;;;;
;;;;;;;502;;;;;
;;;;;;;502;;;;;
;;;;;;;502;;;;;
;;;;;;;502;;;;;
;;;;;;;502;;;;;
;;;;;;;502;;;;;
;;;;;;;502;;;;;
;;;;;;;502;;;;;
;;;;;;;502;;;;;
;;;;;;;502;;;;;
;;;;;;;502;;;;;
;;;;;;;502;;;;;
;;;;;;;502;;;;;
;;;;;;;502;;;;;
;;;;;;;502;;;;;
;;;;;;;502;;;;;
;;;;;;;502;;;;;
;;;;;;;502;;;;;
;;;;;;;502;;;;;
;;;;;;;502;;;;;
;;;;;;;502;;;;;
;;;;;;;502;;;;;
;;;;;;;502;;;;;
;;;;;;;502;;;;;
;;;;;;;502;;;;;
;;;;;;;502;;;;;
;;;;;;;502;;;;;
;;;;;;;502;;;;;
;;;;;;;502;;;;;
;;;;;;;502;;;;;
;;;;;;;502;;;;;
;;;;;;;502;;;;;
;;;;;;;502;;;;;
;;;;;;;502;;;;;
;;;;;;;502;;;;;
;;;;;;;502;;;;;
;;;;;;;502;;;;;
;;;;;;;502;;;;;
;;;;;;;502;;;;;
;;;;;;;502;;;;;
;;;;;;;502;;;;;
;;;;;;;502;;;;;
;;;;;;;502;;;;;
;;;;;;;502;;;;;
;;;;;;;502;;;;;
;;;;;;;502;;;;;
;;;;;;;502;;;;;
;;;;;;;502;;;;;
;;;;;;;502;;;;;
;;;;;;;502;;;;;
;;;;;;;502;;;;;
;;;;;;;502;;;;;
;;;;;;;502;;;;;
;;;;;;;502;;;;;
;;;;;;;502;;;;;
;;;;;;;502;;;;;
;;;;;;;502;;;;;
;;;;;;;502;;;;;
;;;;;;;502;;;;;
;;;;;;;502;;;;;
;;;;;;;502;;;;;
;;;;;;;502;;;;;
;;;;;;;502;;;;;
;;;;;;;502;;;;;
;;;;;;;502;;;;;
;;;;;;;502;;;;;
;;;;;;;502;;;;;
;;;;;;;502;;;;;
;;;;;;;502;;;;;
;;;;;;;502;;;;;
;;;;;;;502;;;;;
;;;;;;;502;;;;;
;;;;;;;502;;;;;
;;;;;;;502;;;;;
;;;;;;;502;;;;;
;;;;;;;502;;;;;
;;;;;;;502;;;;;
;;;;;;;502;;;;;
;;;;;;;502;;;;;
;;;;;;;502;;;;;
;;;;;;;502;;;;;
;;;;;;;502;;;;;
;;;;;;;502;;;;;
;;;;;;;502;;;;;
;;;;;;;502;;;;;
;;;;;;;502;;;;;
;;;;;;;502;;;;;
;;;;;;;502;;;;;
;;;;;;;502;;;;;
;;;;;;;502;;;;;
;;;;;;;502;;;;;
;;;;;;;502;;;;;
;;;;;;;502;;;;;
;;;;;;;502;;;;;
;;;;;;;502;;;;;
;;;;;;;502;;;;;
;;;;;;;502;;;;;
;;;;;;;502;;;;;
;;;;;;;502;;;;;
;;;;;;;502;;;;;
;;;;;;;502;;;;;
;;;;;;;502;;;;;
;;;;;;;502;;;;;
;;;;;;;502;;;;;
;;;;;;;502;;;;;
;;;;;;;502;;;;;
;;;;;;;502;;;;;
;;;;;;;502;;;;;
;;;;;;;502;;;;;
;;;;;;;502;;;;;
;;;;;;;502;;;;;
;;;;;;;502;;;;;
;;;;;;;502;;;;;
;;;;;;;502;;;;;
;;;;;;;502;;;;;
;;;;;;;502;;;;;
;;;;;;;502;;;;;
;;;;;;;502;;;;;
;;;;;;;502;;;;;
;;;;;;;502;;;;;
;;;;;;;502;;;;;
;;;;;;;502;;;;;
;;;;;;;502;;;;;
;;;;;;;502;;;;;
;;;;;;;502;;;;;
;;;;;;;502;;;;;
;;;;;;;502;;;;;
;;;;;;;502;;;;;
;;;;;;;502;;;;;
;;;;;;;502;;;;;
;;;;;;;502;;;;;
;;;;;;;502;;;;;
;;;;;;;502;;;;;
;;;;;;;502;;;;;
;;;;;;;502;;;;;
;;;;;;;502;;;;;
;;;;;;;502;;;;;
;;;;;;;502;;;;;
;;;;;;;502;;;;;
;;;;;;;502;;;;;
;;;;;;;502;;;;;
;;;;;;;502;;;;;
;;;;;;;502;;;;;
;;;;;;;502;;;;;
;;;;;;;502;;;;;
;;;;;;;502;;;;;
;;;;;;;502;;;;;
;;;;;;;502;;;;;
;;;;;;;502;;;;;
;;;;;;;502;;;;;
;;;;;;;502;;;;;
;;;;;;;502;;;;;
;;;;;;;502;;;;;
;;;;;;;502;;;;;
;;;;;;;502;;;;;
;;;;;;;502;;;;;
;;;;;;;502;;;;;
;;;;;;;502;;;;;
;;;;;;;502;;;;;
;;;;;;;502;;;;;
;;;;;;;502;;;;;
;;;;;;;502;;;;;
;;;;;;;502;;;;;
;;;;;;;502;;;;;
;;;;;;;502;;;;;
;;;;;;;502;;;;;
;;;;;;;502;;;;;
;;;;;;;502;;;;;
;;;;;;;502;;;;;
;;;;;;;502;;;;;
;;;;;;;502;;;;;
;;;;;;;502;;;;;
;;;;;;;502;;;;;
;;;;;;;502;;;;;
;;;;;;;502;;;;;
;;;;;;;502;;;;;
;;;;;;;502;;;;;
;;;;;;;502;;;;;
;;;;;;;502;;;;;
;;;;;;;502;;;;;
;;;;;;;502;;;;;
;;;;;;;502;;;;;
;;;;;;;502;;;;;
;;;;;;;502;;;;;
;;;;;;;502;;;;;
;;;;;;;502;;;;;
;;;;;;;502;;;;;
;;;;;;;502;;;;;
;;;;;;;502;;;;;
;;;;;;;502;;;;;
;;;;;;;502;;;;;
;;;;;;;502;;;;;
;;;;;;;502;;;;;
;;;;;;;502;;;;;
;;;;;;;502;;;;;
;;;;;;;502;;;;;
;;;;;;;502;;;;;
;;;;;;;502;;;;;
;;;;;;;502;;;;;
;;;;;;;502;;;;;
;;;;;;;502;;;;;
;;;;;;;502;;;;;
;;;;;;;502;;;;;
;;;;;;;502;;;;;
;;;;;;;502;;;;;
;;;;;;;502;;;;;
;;;;;;;502;;;;;
;;;;;;;502;;;;;
;;;;;;;502;;;;;
;;;;;;;502;;;;;
;;;;;;;502;;;;;
;;;;;;;502;;;;;
;;;;;;;502;;;;;
;;;;;;;502;;;;;
;;;;;;;502;;;;;
;;;;;;;502;;;;;
;;;;;;;502;;;;;
;;;;;;;502;;;;;
;;;;;;;502;;;;;
;;;;;;;502;;;;;
;;;;;;;502;;;;;
;;;;;;;502;;;;;
;;;;;;;502;;;;;
;;;;;;;502;;;;;
;;;;;;;502;;;;;
;;;;;;;502;;;;;
;;;;;;;502;;;;;
;;;;;;;502;;;;;
;;;;;;;502;;;;;
;;;;;;;502;;;;;
;;;;;;;502;;;;;
;;;;;;;502;;;;;
;;;;;;;502;;;;;
;;;;;;;502;;;;;
;;;;;;;502;;;;;
;;;;;;;502;;;;;
;;;;;;;502;;;;;
;;;;;;;502;;;;;
;;;;;;;502;;;;;
;;;;;;;502;;;;;
;;;;;;;502;;;;;
;;;;;;;502;;;;;
;;;;;;;502;;;;;
;;;;;;;502;;;;;
;;;;;;;502;;;;;
;;;;;;;502;;;;;
;;;;;;;502;;;;;
;;;;;;;502;;;;;
;;;;;;;502;;;;;
;;;;;;;502;;;;;
;;;;;;;502;;;;;
;;;;;;;502;;;;;
;;;;;;;502;;;;;
;;;;;;;502;;;;;
;;;;;;;502;;;;;
;;;;;;;502;;;;;
;;;;;;;502;;;;;
;;;;;;;502;;;;;
;;;;;;;502;;;;;
;;;;;;;502;;;;;
;;;;;;;502;;;;;
;;;;;;;502;;;;;
;;;;;;;502;;;;;
;;;;;;;502;;;;;
;;;;;;;502;;;;;
;;;;;;;502;;;;;
;;;;;;;502;;;;;
;;;;;;;502;;;;;
;;;;;;;502;;;;;
;;;;;;;502;;;;;
;;;;;;;502;;;;;
;;;;;;;502;;;;;
;;;;;;;502;;;;;
;;;;;;;502;;;;;
;;;;;;;502;;;;;
;;;;;;;502;;;;;
;;;;;;;502;;;;;
;;;;;;;502;;;;;
;;;;;;;502;;;;;
;;;;;;;502;;;;;
;;;;;;;502;;;;;
;;;;;;;502;;;;;
;;;;;;;502;;;;;
;;;;;;;502;;;;;
;;;;;;;502;;;;;
;;;;;;;502;;;;;
;;;;;;;502;;;;;
;;;;;;;502;;;;;
;;;;;;;502;;;;;
;;;;;;;502;;;;;
;;;;;;;502;;;;;
;;;;;;;502;;;;;
;;;;;;;502;;;;;
;;;;;;;502;;;;;
;;;;;;;502;;;;;
;;;;;;;502;;;;;
;;;;;;;502;;;;;
;;;;;;;502;;;;;
;;;;;;;502;;;;;
;;;;;;;502;;;;;
;;;;;;;502;;;;;
;;;;;;;502;;;;;
;;;;;;;502;;;;;
;;;;;;;502;;;;;
;;;;;;;502;;;;;
;;;;;;;502;;;;;
;;;;;;;502;;;;;
;;;;;;;502;;;;;
;;;;;;;502;;;;;
;;;;;;;502;;;;;
;;;;;;;502;;;;;
;;;;;;;502;;;;;
;;;;;;;502;;;;;
;;;;;;;502;;;;;
;;;;;;;502;;;;;
;;;;;;;502;;;;;
;;;;;;;502;;;;;
;;;;;;;502;;;;;
;;;;;;;502;;;;;
;;;;;;;502;;;;;
;;;;;;;502;;;;;
;;;;;;;502;;;;;
;;;;;;;502;;;;;
;;;;;;;502;;;;;
;;;;;;;502;;;;;
;;;;;;;502;;;;;
;;;;;;;502;;;;;
;;;;;;;502;;;;;
;;;;;;;502;;;;;
;;;;;;;502;;;;;
;;;;;;;502;;;;;
;;;;;;;502;;;;;
;;;;;;;502;;;;;
;;;;;;;502;;;;;
;;;;;;;502;;;;;
;;;;;;;502;;;;;
;;;;;;;502;;;;;
;;;;;;;502;;;;;
;;;;;;;502;;;;;
;;;;;;;502;;;;;
;;;;;;;502;;;;;
;;;;;;;502;;;;;
;;;;;;;502;;;;;
;;;;;;;502;;;;;
;;;;;;;502;;;;;
;;;;;;;502;;;;;
;;;;;;;502;;;;;
;;;;;;;502;;;;;
;;;;;;;502;;;;;
;;;;;;;502;;;;;
;;;;;;;502;;;;;
;;;;;;;502;;;;;
;;;;;;;502;;;;;
;;;;;;;502;;;;;
;;;;;;;502;;;;;
;;;;;;;502;;;;;
;;;;;;;502;;;;;
;;;;;;;502;;;;;
;;;;;;;502;;;;;
;;;;;;;502;;;;;
;;;;;;;502;;;;;
;;;;;;;502;;;;;
;;;;;;;502;;;;;
;;;;;;;502;;;;;
;;;;;;;502;;;;;
;;;;;;;502;;;;;
;;;;;;;502;;;;;
;;;;;;;502;;;;;
;;;;;;;502;;;;;
;;;;;;;502;;;;;
;;;;;;;502;;;;;
;;;;;;;502;;;;;
;;;;;;;502;;;;;
;;;;;;;502;;;;;
;;;;;;;502;;;;;
;;;;;;;502;;;;;
;;;;;;;502;;;;;
;;;;;;;502;;;;;
;;;;;;;502;;;;;
;;;;;;;502;;;;;
;;;;;;;502;;;;;
;;;;;;;502;;;;;
;;;;;;;502;;;;;
;;;;;;;502;;;;;
;;;;;;;502;;;;;
;;;;;;;502;;;;;
;;;;;;;502;;;;;
;;;;;;;502;;;;;
;;;;;;;502;;;;;
;;;;;;;502;;;;;
;;;;;;;502;;;;;
;;;;;;;502;;;;;
;;;;;;;502;;;;;
;;;;;;;502;;;;;
;;;;;;;502;;;;;
;;;;;;;502;;;;;
;;;;;;;502;;;;;
;;;;;;;502;;;;;
;;;;;;;502;;;;;
;;;;;;;502;;;;;
;;;;;;;502;;;;;
;;;;;;;502;;;;;
;;;;;;;502;;;;;
;;;;;;;502;;;;;
;;;;;;;502;;;;;
;;;;;;;502;;;;;
;;;;;;;502;;;;;
;;;;;;;502;;;;;
;;;;;;;502;;;;;
;;;;;;;502;;;;;
;;;;;;;502;;;;;
;;;;;;;502;;;;;
;;;;;;;502;;;;;
;;;;;;;502;;;;;
;;;;;;;502;;;;;
;;;;;;;502;;;;;
;;;;;;;502;;;;;
;;;;;;;502;;;;;
;;;;;;;502;;;;;
;;;;;;;502;;;;;
;;;;;;;502;;;;;
;;;;;;;502;;;;;
;;;;;;;502;;;;;
;;;;;;;502;;;;;
;;;;;;;502;;;;;
;;;;;;;502;;;;;
;;;;;;;502;;;;;
;;;;;;;502;;;;;
;;;;;;;502;;;;;
;;;;;;;502;;;;;
;;;;;;;502;;;;;
;;;;;;;502;;;;;
;;;;;;;502;;;;;
;;;;;;;502;;;;;
;;;;;;;502;;;;;
;;;;;;;502;;;;;
;;;;;;;502;;;;;
;;;;;;;502;;;;;
;;;;;;;502;;;;;
;;;;;;;502;;;;;
;;;;;;;502;;;;;
;;;;;;;502;;;;;
;;;;;;;502;;;;;
;;;;;;;502;;;;;
;;;;;;;502;;;;;
;;;;;;;502;;;;;
;;;;;;;502;;;;;
;;;;;;;502;;;;;
;;;;;;;502;;;;;
;;;;;;;502;;;;;
;;;;;;;502;;;;;
;;;;;;;502;;;;;
;;;;;;;502;;;;;
;;;;;;;502;;;;;
;;;;;;;502;;;;;
;;;;;;;502;;;;;
;;;;;;;502;;;;;
;;;;;;;502;;;;;
;;;;;;;502;;;;;
;;;;;;;502;;;;;
;;;;;;;502;;;;;
;;;;;;;502;;;;;
;;;;;;;502;;;;;
;;;;;;;502;;;;;
;;;;;;;502;;;;;
;;;;;;;502;;;;;
;;;;;;;502;;;;;
;;;;;;;502;;;;;
;;;;;;;502;;;;;
;;;;;;;502;;;;;
;;;;;;;502;;;;;
;;;;;;;502;;;;;
;;;;;;;502;;;;;
;;;;;;;502;;;;;
;;;;;;;502;;;;;
;;;;;;;502;;;;;
;;;;;;;502;;;;;
;;;;;;;502;;;;;
;;;;;;;502;;;;;
;;;;;;;502;;;;;
;;;;;;;502;;;;;
;;;;;;;502;;;;;
;;;;;;;502;;;;;
;;;;;;;502;;;;;
;;;;;;;502;;;;;
;;;;;;;502;;;;;
;;;;;;;502;;;;;
;;;;;;;502;;;;;
;;;;;;;502;;;;;
;;;;;;;502;;;;;
;;;;;;;502;;;;;
;;;;;;;502;;;;;
;;;;;;;502;;;;;
;;;;;;;502;;;;;
;;;;;;;502;;;;;
;;;;;;;502;;;;;
;;;;;;;502;;;;;
;;;;;;;502;;;;;
;;;;;;;502;;;;;
;;;;;;;502;;;;;
;;;;;;;502;;;;;
;;;;;;;502;;;;;
;;;;;;;502;;;;;
;;;;;;;502;;;;;
;;;;;;;502;;;;;
;;;;;;;502;;;;;
;;;;;;;502;;;;;
;;;;;;;502;;;;;
;;;;;;;502;;;;;
;;;;;;;502;;;;;
;;;;;;;502;;;;;
;;;;;;;502;;;;;
;;;;;;;502;;;;;
;;;;;;;502;;;;;
;;;;;;;502;;;;;
;;;;;;;502;;;;;
;;;;;;;502;;;;;
;;;;;;;502;;;;;
;;;;;;;502;;;;;
;;;;;;;502;;;;;
;;;;;;;502;;;;;
;;;;;;;502;;;;;
;;;;;;;502;;;;;
;;;;;;;502;;;;;
;;;;;;;502;;;;;
;;;;;;;502;;;;;
;;;;;;;502;;;;;
;;;;;;;502;;;;;
;;;;;;;502;;;;;
;;;;;;;502;;;;;
;;;;;;;502;;;;;
;;;;;;;502;;;;;
;;;;;;;502;;;;;
;;;;;;;502;;;;;
;;;;;;;502;;;;;
;;;;;;;502;;;;;
;;;;;;;502;;;;;
1;H;PLC_DigIn_1;INT;0;;;502;;;13;37;
1;H;PLC_DigIn_2;INT;0;;;502;;;13;37;
1;H;PLC_DigIn_3;INT;0;;;502;;;13;37;
1;H;PLC_DigIn_4;INT;0;;;502;;;13;37;
1;H;PLC_DigIn_5;INT;0;;;502;;;13;37;
1;H;PLC_DigIn_6;INT;0;;;502;;;13;37;
1;H;PLC_DigIn_7;INT;0;;;502;;;13;37;
1;H;PLC_DigIn_8;INT;0;;;502;;;13;37;
1;H;PLC_DigIn_9;INT;0;;;502;;;13;37;
1;H;PLC_DigIn_10;INT;0;;;502;;;13;37;
1;H;PLC_DigIn_11;INT;0;;;502;;;13;37;
1;H;PLC_DigIn_12;INT;0;;;502;;;13;37;
1;H;PLC_DigIn_13;INT;0;;;502;;;13;37;
1;H;PLC_DigIn_14;INT;0;;;502;;;13;37;
1;H;PLC_DigIn_15;INT;0;;;502;;;13;37;
1;H;PLC_DigIn_16;INT;0;;;502;;;13;37;
1;H;PLC_DigOut_1;INT;0;;;502;;;13;37;
1;H;PLC_DigOut_2;INT;0;;;502;;;13;37;
1;H;PLC_DigOut_3;INT;0;;;502;;;13;37;
1;H;PLC_DigOut_4;INT;0;;;502;;;13;37;
1;H;PLC_DigOut_5;INT;0;;;502;;;13;37;
1;H;PLC_DigOut_6;INT;0;;;502;;;13;37;
1;H;PLC_DigOut_7;INT;0;;;502;;;13;37;
1;H;PLC_DigOut_8;INT;0;;;502;;;13;37;
1;H;PLC_DigOut_9;INT;0;;;502;;;13;37;
1;H;PLC_DigOut_10;INT;0;;;502;;;13;37;
1;H;PLC_DigOut_11;INT;0;;;502;;;13;37;
1;H;PLC_DigOut_12;INT;0;;;502;;;13;37;
1;H;PLC_DigOut_13;INT;0;;;502;;;13;37;
1;H;PLC_DigOut_14;INT;0;;;502;;;13;37;
1;H;PLC_DigOut_15;INT;0;;;502;;;13;37;
1;H;PLC_DigOut_16;INT;0;;;502;;;13;37;
1;S;PLC_AnIn_1;INT;3;;;502;;;13;37;
1;S;PLC_AnIn_2;INT;3;;;502;;;13;37;
1;S;PLC_AnIn_3;INT;3;;;502;;;13;37;
1;S;PLC_AnIn_4;INT;3;;;502;;;13;37;
1;H;PLC_Tamb;INT;1;;;502;;;13;37;
1;H;PLC_EncoderLo;UINT;0;;;502;;;57;1;
1;H;PLC_EncoderHi;UINT;0;;;502;;;58;1;
1;H;PLC_StatusReg;UINT;0;;;502;;;59;1;
1;H;PLC_RPM;UINT;0;;;502;;;60;1;
1;P;PLC_AnOut_1;INT;2;;;502;;;33;1;
1;P;PLC_AnOut_2;INT;2;;;502;;;34;1;
1;P;PLC_AnInConf_1 ;UINT;0;;;502;;;27;1;
1;P;PLC_AnInConf_2;INT;0;;;502;;;28;1;
1;P;PLC_AnInConf_3;UINT;0;;;502;;;29;1;
1;P;PLC_AnInConf_4;UINT;0;;;502;;;30;1;
1;P;PLC_AnOutConf_1 ;UINT;0;;;502;;;31;1;
1;P;PLC_AnOutConf_2;UINT;0;;;502;;;32;1;
;;;;;;;502;;;;;
;;;;;;;502;;;;;
;;;;;;;502;;;;;
;;;;;;;502;;;;;
;;;;;;;502;;;;;
;;;;;;;502;;;;;
;;;;;;;502;;;;;
;;;;;;;502;;;;;
;;;;;;;502;;;;;
;;;;;;;502;;;;;
;;;;;;;502;;;;;
;;;;;;;502;;;;;
;;;;;;;502;;;;;
;;;;;;;502;;;;;
;;;;;;;502;;;;;
;;;;;;;502;;;;;
;;;;;;;502;;;;;
;;;;;;;502;;;;;
;;;;;;;502;;;;;
;;;;;;;502;;;;;
;;;;;;;502;;;;;
;;;;;;;502;;;;;
;;;;;;;502;;;;;
;;;;;;;502;;;;;
